algo,step,parent,child,func_id,dim,med_parent,med_child,delta,wilcoxon_p,floored
AD-PSO,−K自适应,P0,P1,1,10,1e-10,1e-10,0.0,,True
AD-PSO,−K自适应,P0,P1,1,20,1e-10,1e-10,0.0,,True
AD-PSO,−K自适应,P0,P1,2,10,4.0903551403445135,4.102752859128941,0.0013143400443729756,0.7498711559507313,False
AD-PSO,−K自适应,P0,P1,2,20,49.08447897955304,44.89546931745326,-0.03874166957635594,0.5857115693468691,False
AD-PSO,−K自适应,P0,P1,3,10,1e-10,1e-10,0.0,,True
AD-PSO,−K自适应,P0,P1,3,20,1e-10,1e-10,0.0,,True
AD-PSO,−K自适应,P0,P1,4,10,19.00000000000017,24.0,0.10145764075877314,0.41064714437713257,False
AD-PSO,−K自适应,P0,P1,4,20,81.00000000000142,94.00000000000375,0.06464283472105865,0.1020106952499886,False
AD-PSO,−K自适应,P0,P1,5,10,1e-10,1e-10,0.0,0.10247043485974937,True
AD-PSO,−K自适应,P0,P1,5,20,0.2685847512497048,0.6333805194244064,0.37258334965356704,0.2288804222849652,False
AD-PSO,−K自适应,P0,P1,6,10,5995.274081522073,6257.000794307973,0.018557167900805353,0.2802144081140372,False
AD-PSO,−K自适应,P0,P1,6,20,71425.9694717461,66231.9735341734,-0.032788447772837216,0.7812637101499429,False
AD-PSO,−K自适应,P0,P1,7,10,20.968214054258734,20.60762788081354,-0.007533437919202194,0.46528258187908456,False
AD-PSO,−K自适应,P0,P1,7,20,26.27216190646549,27.47140309793076,0.019385029656858174,0.5038329688781412,False
AD-PSO,−K自适应,P0,P1,8,10,21.050487650049718,20.62979060399789,-0.008767341209577709,0.517047890994101,False
AD-PSO,−K自适应,P0,P1,8,20,31.40251335402991,35.75989593678719,0.05643183733727693,0.25364409754600126,False
AD-PSO,−K自适应,P0,P1,9,10,359.094344780395,359.0943447804218,3.240140287618924e-14,0.4528065046691958,False
AD-PSO,−K自适应,P0,P1,9,20,335.6387702716745,335.63877027174203,8.736806846971903e-14,0.006424211872163101,False
AD-PSO,−K自适应,P0,P1,10,10,221.45770345893607,221.23574226561618,-0.0004355001433347397,0.9426105124576512,False
AD-PSO,−K自适应,P0,P1,10,20,405.4532714992349,404.2353720643439,-0.0013064957923982535,0.46528258187908456,False
AD-PSO,−K自适应,P0,P1,11,10,9.203351964970352e-07,1.0288333669450367e-06,0.048399009647986484,0.3581028690285257,False
AD-PSO,−K自适应,P0,P1,11,20,1.612959522390156e-06,1.8034154436463719e-06,0.048472315658876046,0.06268281249957977,False
AD-PSO,−K自适应,P0,P1,12,10,165.95166006457225,165.9410113969659,-2.786839228645206e-05,0.5440062075841892,False
AD-PSO,−K自适应,P0,P1,12,20,243.86924676776403,244.6767942753336,0.0014357449098538727,0.5038329688781412,False
AD-PSO,−环+WTA,P1,P2,1,10,1e-10,1e-10,0.0,,True
AD-PSO,−环+WTA,P1,P2,1,20,1e-10,1e-10,0.0,,True
AD-PSO,−环+WTA,P1,P2,2,10,4.102752859128941,4.178767845427245,0.007972887455272618,0.24733722014186277,False
AD-PSO,−环+WTA,P1,P2,2,20,44.89546931745326,28.93560626892264,-0.19076992955827388,0.24519030932096386,False
AD-PSO,−环+WTA,P1,P2,3,10,1e-10,1e-10,0.0,,True
AD-PSO,−环+WTA,P1,P2,3,20,1e-10,1e-10,0.0,,True
AD-PSO,−环+WTA,P1,P2,4,10,24.0,38.00000000000006,0.19957235490520478,0.0001012740920083041,False
AD-PSO,−环+WTA,P1,P2,4,20,94.00000000000375,166.00000000000006,0.24698023444033923,4.285685869189864e-06,False
AD-PSO,−环+WTA,P1,P2,5,10,1e-10,0.08952825041649247,8.951960097484228,0.00019133243006843798,True
AD-PSO,−环+WTA,P1,P2,5,20,0.6333805194244064,3.164683822914185,0.6986656251897588,6.983783147477089e-06,False
AD-PSO,−环+WTA,P1,P2,6,10,6257.000794307973,6920.25274671917,0.04375574626891876,0.024307541573260996,False
AD-PSO,−环+WTA,P1,P2,6,20,66231.9735341734,82601.9154701702,0.09592242232345974,0.03160338164205514,False
AD-PSO,−环+WTA,P1,P2,7,10,20.60762788081354,21.312097820719487,0.014598197327303454,0.004681835234144671,False
AD-PSO,−环+WTA,P1,P2,7,20,27.47140309793076,33.21109751639642,0.08240238631004518,0.02182672159602272,False
AD-PSO,−环+WTA,P1,P2,8,10,20.62979060399789,20.547322325307274,-0.0017395860810049855,0.3184906025782175,False
AD-PSO,−环+WTA,P1,P2,8,20,35.75989593678719,26.583253391485414,-0.12878811531560286,0.17790738330384115,False
AD-PSO,−环+WTA,P1,P2,9,10,359.0943447804218,359.0943447803611,-7.343353657803902e-14,0.05709649524315731,False
AD-PSO,−环+WTA,P1,P2,9,20,335.63877027174203,335.63877027158287,-2.059321304825033e-13,0.0019645813713265476,False
AD-PSO,−环+WTA,P1,P2,10,10,221.23574226561618,233.76478570714858,0.02392379791904875,0.00013594767036744938,False
AD-PSO,−环+WTA,P1,P2,10,20,404.2353720643439,1938.1669600856335,0.6807568726955469,5.216493447033368e-06,False
AD-PSO,−环+WTA,P1,P2,11,10,1.0288333669450367e-06,23.43084747624107,7.357442956216118,0.00022674689074094623,False
AD-PSO,−环+WTA,P1,P2,11,20,1.8034154436463719e-06,8.547037850803463e-07,-0.3242801572103586,0.33885615524718515,False
AD-PSO,−环+WTA,P1,P2,12,10,165.9410113969659,171.24604517863963,0.013666817765254044,5.216493447033368e-06,False
AD-PSO,−环+WTA,P1,P2,12,20,244.6767942753336,287.64482297058976,0.07026378021174738,3.5152372790448263e-06,False
AD-PSO,−通道,P1,P0r,1,10,1e-10,1e-10,0.0,,True
AD-PSO,−通道,P1,P0r,1,20,1e-10,1e-10,0.0,,True
AD-PSO,−通道,P1,P0r,2,10,4.102752859128941,8.002324886284669,0.2901408225131564,2.837885828213996e-05,False
AD-PSO,−通道,P1,P0r,2,20,44.89546931745326,49.08447897948157,0.03874166957572357,0.04716174720825457,False
AD-PSO,−通道,P1,P0r,3,10,1e-10,1e-10,0.0,0.31731050786291415,True
AD-PSO,−通道,P1,P0r,3,20,1e-10,1e-10,0.0,,True
AD-PSO,−通道,P1,P0r,4,10,24.0,20.0,-0.0791812460476248,0.08960766874356055,False
AD-PSO,−通道,P1,P0r,4,20,94.00000000000375,101.0,0.031193520182926614,0.47794743855272326,False
AD-PSO,−通道,P1,P0r,5,10,1e-10,1e-10,0.0,,True
AD-PSO,−通道,P1,P0r,5,20,0.6333805194244064,0.4990881437994971,-0.10348744884927547,0.1648154704539846,False
AD-PSO,−通道,P1,P0r,6,10,6257.000794307973,5356.65167987206,-0.06747280312997418,0.25364409754600126,False
AD-PSO,−通道,P1,P0r,6,20,66231.9735341734,59900.22549131233,-0.04363923877230616,1.7343976283205784e-06,False
AD-PSO,−通道,P1,P0r,7,10,20.60762788081354,21.19566512466622,0.012219045832830514,0.04716174720825457,False
AD-PSO,−通道,P1,P0r,7,20,27.47140309793076,28.35697843484411,0.01377911140726825,0.7812637101499429,False
AD-PSO,−通道,P1,P0r,8,10,20.62979060399789,20.734361012043564,0.002195836063766628,0.9262550873076122,False
AD-PSO,−通道,P1,P0r,8,20,35.75989593678719,63.993531785732785,0.2527398331201549,0.00045335631776461847,False
AD-PSO,−通道,P1,P0r,9,10,359.0943447804218,359.19280518087004,0.00011906327120227319,1.360110796799097e-05,False
AD-PSO,−通道,P1,P0r,9,20,335.63877027174203,335.7292393490734,0.00011704525906113249,0.0092710251720259,False
AD-PSO,−通道,P1,P0r,10,10,221.23574226561618,221.3872900952856,0.0002973925165648957,0.017887043414766577,False
AD-PSO,−通道,P1,P0r,10,20,404.2353720643439,413.1305955582712,0.009453045889751792,0.051930665029697155,False
AD-PSO,−通道,P1,P0r,11,10,1.0288333669450367e-06,1e-10,-4.012345040771748,0.6654143977847693,True
AD-PSO,−通道,P1,P0r,11,20,1.8034154436463719e-06,15.97962061928274,6.947470679823474,4.729202337447058e-06,False
AD-PSO,−通道,P1,P0r,12,10,165.9410113969659,166.5652174585564,0.0016305833879117983,1.360110796799097e-05,False
AD-PSO,−通道,P1,P0r,12,20,244.6767942753336,245.59457687795793,0.0016259908652881201,0.016565526979430395,False
AD-SCA,−K自适应,S0,S1,1,10,1e-10,9.208065421262289e-10,0.9641683961986555,0.027621013367531002,True
AD-SCA,−K自适应,S0,S1,1,20,1e-10,1e-10,0.0,,True
AD-SCA,−K自适应,S0,S1,2,10,8.916101927782648,8.916101927788532,2.8659812305954236e-13,0.8290130316946699,False
AD-SCA,−K自适应,S0,S1,2,20,49.531817784839006,50.278876017267464,0.0065012938884272875,0.24519030932096386,False
AD-SCA,−K自适应,S0,S1,3,10,1e-10,1e-10,0.0,,True
AD-SCA,−K自适应,S0,S1,3,20,1e-10,1e-10,0.0,,True
AD-SCA,−K自适应,S0,S1,4,10,54.0,56.0,0.015794267183231885,0.3548812642858493,False
AD-SCA,−K自适应,S0,S1,4,20,226.25,217.75,-0.016630424197540107,0.9180842947167595,False
AD-SCA,−K自适应,S0,S1,5,10,0.4990893802742562,0.49908981870686375,3.8151238243255897e-07,0.7343252914391281,False
AD-SCA,−K自适应,S0,S1,5,20,2.354465894403404,2.2649378070884723,-0.01683612263170243,0.9917945644340904,False
AD-SCA,−K自适应,S0,S1,6,10,6981.225224762554,9236.085450940165,0.12155629307243662,0.22102157481330342,False
AD-SCA,−K自适应,S0,S1,6,20,38507.36902479456,43326.30183451842,0.05120777399394489,0.1020106952499886,False
AD-SCA,−K自适应,S0,S1,7,10,31.832932895036155,29.445432458680443,-0.0338587166553093,0.1305916349444668,False
AD-SCA,−K自适应,S0,S1,7,20,293.56245363035555,342.9705190121699,0.06755628172491056,0.4048347221574208,False
AD-SCA,−K自适应,S0,S1,8,10,151.42683085698127,150.1641776859467,-0.0036364910964529194,0.7343252914391281,False
AD-SCA,−K自适应,S0,S1,8,20,499.23003085455116,486.72391337399563,-0.011018017943360178,0.47794743855272326,False
AD-SCA,−K自适应,S0,S1,9,10,369.84894949704267,367.33560772924193,-0.002961360705377992,0.11199148595825233,False
AD-SCA,−K自适应,S0,S1,9,20,341.5655287999075,344.06186616513673,0.003162505878151959,0.07190333008390941,False
AD-SCA,−K自适应,S0,S1,10,10,236.6000893410021,229.8083674044649,-0.012649066826187012,0.05709649524315731,False
AD-SCA,−K自适应,S0,S1,10,20,2507.637784955399,2472.535495505017,-0.006122270134967654,0.7970983030067952,False
AD-SCA,−K自适应,S0,S1,11,10,1e-10,1e-10,0.0,0.7563688628810696,True
AD-SCA,−K自适应,S0,S1,11,20,1e-10,1e-10,0.0,0.1688069535565081,True
AD-SCA,−K自适应,S0,S1,12,10,194.4781634519511,197.43010080718705,0.00654252265991613,0.5999359281677457,False
AD-SCA,−K自适应,S0,S1,12,20,427.29844674305673,427.0492612124733,-0.0002533392504329234,0.41653380739187873,False
AD-SCA,−通道,S1,S2,1,10,9.208065421262289e-10,7597.776843318111,12.9165181374082,1.7343976283205784e-06,False
AD-SCA,−通道,S1,S2,1,20,1e-10,27399.583652817877,14.43774396359931,1.7343976283205784e-06,True
AD-SCA,−通道,S1,S2,2,10,8.916101927788532,764.9340144630369,1.9334489485670814,1.7343976283205784e-06,False
AD-SCA,−通道,S1,S2,2,20,50.278876017267464,1586.6598112169572,1.4990982610746908,1.7343976283205784e-06,False
AD-SCA,−通道,S1,S2,3,10,1e-10,0.23093199918719165,9.363484115279894,1.7343976283205784e-06,True
AD-SCA,−通道,S1,S2,3,20,1e-10,1.278197838169092,10.106598078685836,1.7343976283205784e-06,True
AD-SCA,−通道,S1,S2,4,10,56.0,67.82587524134891,0.08320737970366808,0.10639417319061394,False
AD-SCA,−通道,S1,S2,4,20,217.75,282.23167561311925,0.11264759050118284,6.892290296834955e-05,False
AD-SCA,−通道,S1,S2,5,10,0.49908981870686375,1.3468383351260513,0.431136758767109,2.3534209951215346e-06,False
AD-SCA,−通道,S1,S2,5,20,2.2649378070884723,6.448905392190851,0.4544297245012091,1.7343976283205784e-06,False
AD-SCA,−通道,S1,S2,6,10,9236.085450940165,21726054.370319813,3.371492919747232,1.9209211049031396e-06,False
AD-SCA,−通道,S1,S2,6,20,43326.30183451842,3283310544.7918873,4.879560340551918,1.7343976283205784e-06,False
AD-SCA,−通道,S1,S2,7,10,29.445432458680443,149.44557792280511,0.7054651317510358,3.882182386060857e-06,False
AD-SCA,−通道,S1,S2,7,20,342.9705190121699,1732.5204398308404,0.7034215763554653,1.7343976283205784e-06,False
AD-SCA,−通道,S1,S2,8,10,150.1641776859467,298.37778205807035,0.2982001391749759,0.06871363079688197,False
AD-SCA,−通道,S1,S2,8,20,486.72391337399563,838414766.3043301,6.236176234359681,1.7343976283205784e-06,False
AD-SCA,−通道,S1,S2,9,10,367.33560772924193,832.9407774183114,0.3555510951270303,1.7343976283205784e-06,False
AD-SCA,−通道,S1,S2,9,20,344.06186616513673,4205.014464106617,1.0871309534013331,1.7343976283205784e-06,False
AD-SCA,−通道,S1,S2,10,10,229.8083674044649,372.6604245094188,0.20994743689138703,6.339135573122464e-06,False
AD-SCA,−通道,S1,S2,10,20,2472.535495505017,4273.226675588669,0.23761339580284566,1.9729484515803686e-05,False
AD-SCA,−通道,S1,S2,11,10,1e-10,234.40518831701388,12.369967220112745,1.7343976283205784e-06,True
AD-SCA,−通道,S1,S2,11,20,1e-10,4908.0166620384725,13.690906028427232,1.7343976283205784e-06,True
AD-SCA,−通道,S1,S2,12,10,197.43010080718705,537.5088755018578,0.43497227257371013,1.7343976283205784e-06,False
AD-SCA,−通道,S1,S2,12,20,427.0492612124733,1251.444950048888,0.46693377525448726,1.7343976283205784e-06,False
AD-SCA,−环+WTA,S2,S3,1,10,7597.776843318111,14209.336660025332,0.271887270456088,3.181679410969855e-06,False
AD-SCA,−环+WTA,S2,S3,1,20,27399.583652817877,48949.150192547415,0.25200119280765043,1.7343976283205784e-06,False
AD-SCA,−环+WTA,S2,S3,2,10,764.9340144630369,794.9679716179342,0.01672565855849776,0.5999359281677457,False
AD-SCA,−环+WTA,S2,S3,2,20,1586.6598112169572,2490.3312140238195,0.1957732905411719,2.370447702550485e-05,False
AD-SCA,−环+WTA,S2,S3,3,10,0.23093199918719165,0.3589797739268761,0.19158586444214318,0.001832579947170524,False
AD-SCA,−环+WTA,S2,S3,3,20,1.278197838169092,1.6505993137669177,0.11104358153053963,1.798848069179905e-05,False
AD-SCA,−环+WTA,S2,S3,4,10,67.82587524134891,102.23304257994346,0.1781958794100881,0.00026134309226671514,False
AD-SCA,−环+WTA,S2,S3,4,20,282.23167561311925,339.1876455706414,0.07983427113076492,0.0005287248371505039,False
AD-SCA,−环+WTA,S2,S3,5,10,1.3468383351260513,2.9583559162708752,0.34173495301788837,3.1123151153729114e-05,False
AD-SCA,−环+WTA,S2,S3,5,20,6.448905392190851,13.114646869978685,0.3082705953790774,5.216493447033368e-06,False
AD-SCA,−环+WTA,S2,S3,6,10,21726054.370319813,4783001.520073552,-0.6572803431473111,0.011748106348302898,False
AD-SCA,−环+WTA,S2,S3,6,20,3283310544.7918873,3646417474.908722,0.045554427660728446,0.46528258187908456,False
AD-SCA,−环+WTA,S2,S3,7,10,149.44557792280511,325.0667995165634,0.3374895465378726,0.0027652741969916386,False
AD-SCA,−环+WTA,S2,S3,7,20,1732.5204398308404,2947.3913747978086,0.23075944126382805,0.00026134309226671514,False
AD-SCA,−环+WTA,S2,S3,8,10,298.37778205807035,1184.9231891299428,0.5989237173979695,8.466081690383873e-06,False
AD-SCA,−环+WTA,S2,S3,8,20,838414766.3043301,411242724.3823775,-0.30936069099408886,0.46528258187908456,False
AD-SCA,−环+WTA,S2,S3,9,10,832.9407774183114,837.4475482921623,0.0023434915592447617,0.8290130316946699,False
AD-SCA,−环+WTA,S2,S3,9,20,4205.014464106617,4181.320224914863,-0.0024540648796977536,0.41653380739187873,False
AD-SCA,−环+WTA,S2,S3,10,10,372.6604245094188,447.4244480827549,0.07940643669836042,0.0022551238907870907,False
AD-SCA,−环+WTA,S2,S3,10,20,4273.226675588669,4651.3696157260765,0.036824920782559604,0.1588554992851956,False
AD-SCA,−环+WTA,S2,S3,11,10,234.40518831701388,304.45323324627094,0.1135533704425461,0.023038144695472357,False
AD-SCA,−环+WTA,S2,S3,11,20,4908.0166620384725,7460.976814428927,0.18188966196027165,0.003609433349384215,False
AD-SCA,−环+WTA,S2,S3,12,10,537.5088755018578,518.0286606281488,-0.016031851510097197,0.6143145637885868,False
AD-SCA,−环+WTA,S2,S3,12,20,1251.444950048888,1244.0734790818433,-0.00256571815967338,0.6732798065233047,False
AD-SCA,−核层修正,S3,S4,1,10,14209.336660025332,3331.0585986320953,-0.6299915313721516,2.3534209951215346e-06,False
AD-SCA,−核层修正,S3,S4,1,20,48949.150192547415,15297.047228298055,-0.5051375488714507,1.7343976283205784e-06,False
AD-SCA,−核层修正,S3,S4,2,10,794.9679716179342,150.60948710135494,-0.7224973022230234,3.882182386060857e-06,False
AD-SCA,−核层修正,S3,S4,2,20,2490.3312140238195,613.1515497515865,-0.608689281811188,1.7343976283205784e-06,False
AD-SCA,−核层修正,S3,S4,3,10,0.3589797739268761,0.0215208273408507,-1.2222110165074527,1.7343976283205784e-06,False
AD-SCA,−核层修正,S3,S4,3,20,1.6505993137669177,0.2969801222095043,-0.7449142785881494,1.7343976283205784e-06,False
AD-SCA,−核层修正,S3,S4,4,10,102.23304257994346,46.45786965815689,-0.34253199492434294,5.751653269401829e-06,False
AD-SCA,−核层修正,S3,S4,4,20,339.1876455706414,212.75084257593625,-0.20256873657685584,1.9209211049031396e-06,False
AD-SCA,−核层修正,S3,S4,5,10,2.9583559162708752,1.1523589997836439,-0.4094626242993988,6.319756764397932e-05,False
AD-SCA,−核层修正,S3,S4,5,20,13.114646869978685,4.703760393556195,-0.4453114101458824,1.9209211049031396e-06,False
AD-SCA,−核层修正,S3,S4,6,10,4783001.520073552,178898.44688254676,-1.4270939486635168,0.00316176493665549,False
AD-SCA,−核层修正,S3,S4,6,20,3646417474.908722,152226578.2397648,-1.3793759037468698,2.1266360107314253e-06,False
AD-SCA,−核层修正,S3,S4,7,10,325.0667995165634,90.98586146883575,-0.5529987039726116,2.878599219394298e-06,False
AD-SCA,−核层修正,S3,S4,7,20,2947.3913747978086,803.597620757366,-0.5643991660269643,1.7343976283205784e-06,False
AD-SCA,−核层修正,S3,S4,8,10,1184.9231891299428,584.4813369849239,-0.3069195504639651,0.0010356813035458734,False
AD-SCA,−核层修正,S3,S4,8,20,411242724.3823775,4050.2493205420706,-5.006616469748972,5.216493447033368e-06,False
AD-SCA,−核层修正,S3,S4,9,10,837.4475482921623,529.4922925602314,-0.19909797269327792,2.603328389538926e-06,False
AD-SCA,−核层修正,S3,S4,9,20,4181.320224914863,1529.8690051194367,-0.4366591831237866,1.7343976283205784e-06,False
AD-SCA,−核层修正,S3,S4,10,10,447.4244480827549,365.9176655348652,-0.08733633446755734,1.9209211049031396e-06,False
AD-SCA,−核层修正,S3,S4,10,20,4651.3696157260765,3765.5403844489565,-0.09175354193467988,0.0005706436710454648,False
AD-SCA,−核层修正,S3,S4,11,10,304.45323324627094,51.69001161315896,-0.7701139608149498,1.493563929839868e-05,False
AD-SCA,−核层修正,S3,S4,11,20,7460.976814428927,405.9814072666327,-1.2642895457423329,1.7343976283205784e-06,False
AD-SCA,−核层修正,S3,S4,12,10,518.0286606281488,231.39007552870407,-0.3500090604911942,1.7343976283205784e-06,False
AD-SCA,−核层修正,S3,S4,12,20,1244.0734790818433,487.08282546273176,-0.4072432153553531,1.7343976283205784e-06,False
