algo,func_id,dim,run_id,seed,budget,fe,gens,trig_count,boost_hits,best_fitness,error,dwell_p10,dwell_p50,dwell_p90,fano_w100,fano_gen,kick_mag_min,kick_mag_max,kick_spread_p50,prop_delay_p50,corr_K_meanA,runtime
ADPSO,1,10,0,10766,200000,200041,3961,1941,0,300.00000000000415,4.149569576838985e-12,100.0,100.0,100.0,1.282051282051281,2.211157185443182,1.0000000000000007,1.0098414657325698,3.305441286753056,5.0,-0.868494809080115,3.83
ADPSO,1,10,1,10767,200000,200031,3961,1931,0,300.00000000000387,3.865352482534945e-12,100.0,100.0,100.0,1.282051282051281,1.6248738509635179,1.0000000000000007,1.0098607961218609,3.692026119829134,5.0,-0.886395042150363,4.48
ADPSO,1,10,2,10768,200000,200040,3961,1940,0,300.0000000000026,2.6147972675971687e-12,100.0,100.0,100.0,1.282051282051281,1.8648638659923948,1.0000000000000007,1.0098494210593467,3.3148106540720796,4.0,-0.8754503531895462,4.7
ADPSO,2,10,0,10866,200000,200014,3963,1814,0,404.06914771800695,4.0691477180069455,100.0,100.0,127.0,1.4477428674611779,1.2611193228655022,1.0000000000000007,1.0099600000000006,0.015830777149495885,6.0,-0.834578496199144,5.28
ADPSO,2,10,1,10867,200000,200000,3960,1950,0,408.91610192778137,8.91610192778137,100.0,100.0,100.0,1.282051282051281,2.7075757575757575,1.0000000000000007,1.0099367839359012,3.139109721533637,4.0,-0.8761159987762355,5.62
ADPSO,2,10,2,10868,200000,200013,3965,1713,0,404.07396243645974,4.0739624364597375,100.0,105.0,141.0,1.7177809301545175,1.106206746274502,1.0000000000000007,1.0099882216126272,0.05132688562183453,6.0,-0.6870678958759155,5.8
ADPSO,3,10,0,10966,200000,200000,3960,1950,0,600.0,0.0,100.0,100.0,100.0,1.282051282051281,6.027575757575756,1.0000000000000007,1.0085172146362686,2.1035762202865556,2.0,-0.8693972344559481,8.84
ADPSO,3,10,2,10968,200000,200000,3960,1950,0,600.0,0.0,100.0,100.0,100.0,1.282051282051281,4.467575757575758,1.0000000000000007,1.0092520363944566,2.072620587885254,2.0,-0.8631468521404548,9.18
ADPSO,3,10,1,10967,200000,200000,3960,1950,0,600.0,0.0,100.0,100.0,100.0,1.282051282051281,4.627575757575758,1.0000000000000007,1.0081289445586246,2.1648306235696015,3.0,-0.864187920251639,9.39
ADPSO,1,20,2,20768,500000,500022,9902,4872,0,300.0000000000301,3.012701199622825e-11,100.0,100.0,100.0,0.6623009055219412,1.738273752727468,1.0000000000000007,1.0098783838273335,4.025531173501792,4.0,-0.8596227124380079,9.64
ADPSO,1,20,0,20766,500000,500032,9902,4882,0,300.0000000000245,2.4499513529008254e-11,100.0,100.0,100.0,0.5422558232881874,1.859692582556907,1.0000000000000007,1.0099376866162693,3.6023342686619904,3.0,-0.8852231566961206,9.87
ADPSO,1,20,1,20767,500000,500019,9902,4869,0,300.000000000033,3.3026026358129457e-11,100.0,100.0,100.0,0.6446213055337588,1.5450443510502332,1.0000000000000007,1.009963220122541,4.12114215127682,4.0,-0.8826778465789059,10.05
ADPSO,5,10,0,11166,200000,200000,3960,1950,0,900.0,0.0,100.0,100.0,100.0,1.282051282051281,2.497319347319347,1.0000000000000007,1.0099400000000007,2.7767783633174146,4.0,-0.8747805099978353,6.33
ADPSO,5,10,1,11167,200000,200000,3960,1950,0,900.0000000000001,1.1368683772161603e-13,100.0,100.0,100.0,1.282051282051281,3.7721911421911427,1.0000000000000007,1.0099300000000007,2.496675607676026,3.0,-0.8654359425386879,6.41
ADPSO,2,20,2,20868,500000,500008,9902,4858,0,449.0844789795808,49.08447897958081,100.0,100.0,100.0,0.7415351788421588,1.5110388102290877,1.0000000000000007,1.0098800000000008,3.9668525750709027,5.0,-0.8783690240312587,11.82
ADPSO,5,10,2,11168,200000,200000,3960,1950,0,900.0000000000001,1.1368683772161603e-13,100.0,100.0,100.0,1.282051282051281,4.223473193473193,1.0000000000000007,1.0098400700000008,2.365269117843262,2.0,-0.8688975645041515,6.3
ADPSO,2,20,0,20866,500000,500015,9902,4865,0,449.08447897955705,49.08447897955705,100.0,100.0,100.0,0.6700966499527651,1.395427149061834,1.0000000000000007,1.009952395133099,4.009359392731639,4.0,-0.8802056681592265,12.18
ADPSO,2,20,1,20867,500000,500046,9909,4546,0,400.37449386133716,0.37449386133715734,100.0,100.0,136.0,0.7473679996797566,1.1729893371519806,1.0000000000000007,1.0099890283258057,0.011385173393324267,4.0,-0.817444984640024,12.47
ADPSO,4,10,2,11068,200000,200045,3961,1945,0,831.1644498437115,31.16444984371151,100.0,100.0,100.0,1.281889253453234,2.069887833108022,1.0000000000000007,1.0099900000000006,0.010533548920831814,4.0,-0.8615944389180198,12.83
ADPSO,4,10,1,11067,200000,200048,3961,1948,0,816.0,16.0,100.0,100.0,100.0,1.282051282051281,2.3244267646514505,1.0000000000000007,1.0099800000000008,0.013363070821176442,4.0,-0.8715596456885609,13.23
ADPSO,4,10,0,11066,200000,200039,3961,1939,0,812.0000000000057,12.000000000005684,100.0,100.0,100.0,1.2820242202827958,1.6853095400630616,1.0000000000000007,1.0099900000000006,0.013449828256306948,4.0,-0.863390257441865,13.43
ADPSO,6,10,1,11267,200000,200041,3967,1641,0,4874.046490811197,3074.046490811197,100.0,106.0,154.0,1.2975662485891881,1.0592196713686202,1.0000000000000007,1.009994964397908,0.011159082349629356,5.0,-0.6579820491746318,8.73
ADPSO,6,10,2,11268,200000,200002,3967,1602,0,4562.8963650903315,2762.8963650903315,100.0,109.0,160.0,1.3793305930710513,0.9931721345293428,1.0000000000000007,1.0099890034205632,0.008102144887385802,5.0,-0.6279550768945504,8.59
ADPSO,6,10,0,11266,200000,200047,3967,1647,0,4224.579135056343,2424.579135056343,100.0,102.0,149.0,1.3899335232668566,1.0207689455004392,1.0000000000000007,1.009983066072829,0.007997460888442453,3.0,-0.6464464563285969,9.15
ADPSO,3,20,2,20968,500000,500000,9901,4900,0,600.0,0.0,100.0,100.0,100.0,0.5050505050505054,2.5851004948995056,1.0000000000000007,1.0099947108380551,2.581620184886091,3.0,-0.8715735555406027,21.36
ADPSO,3,20,1,20967,500000,500000,9901,4900,0,600.0,0.0,100.0,100.0,100.0,0.5050505050505054,3.864692331634198,1.0000000000000007,1.0099800000000008,2.2466732367697,4.0,-0.8685785578392841,21.9
ADPSO,3,20,0,20966,500000,500000,9901,4900,0,600.0,0.0,100.0,100.0,100.0,0.5050505050505054,3.385100494899505,1.0000000000000007,1.0099616865490053,2.2008000278510633,3.0,-0.869310206359809,22.31
ADPSO,5,20,0,21166,500000,500048,9902,4898,0,900.0895282504168,0.08952825041683354,100.0,100.0,100.0,0.5056526885844973,0.9173573540088539,1.0000000000000007,1.0099900000000006,4.484753525265324,3.0,-0.8928189768834305,16.66
ADPSO,5,20,1,21167,500000,500000,9901,4900,0,900.0895282504168,0.08952825041683354,100.0,100.0,100.0,0.5050505050505054,2.1393862091852194,1.0000000000000007,1.0099300000000007,3.487673413820752,4.0,-0.886158003285184,16.04
ADPSO,5,20,2,21168,500000,500024,9902,4874,0,900.2685847512497,0.2685847512497048,100.0,100.0,100.0,0.5243193586449587,1.0851254066627674,1.0000000000000007,1.0099500200000007,5.149583778353283,4.0,-0.889494026532173,16.5
ADPSO,6,20,0,21266,500000,500039,9910,4489,0,79251.2591533759,77451.2591533759,100.0,106.0,123.0,0.5651117819604561,1.0963660469284826,1.0000000000000007,1.0099909656989627,0.003652063553137612,5.0,-0.6642255906071279,22.29
ADPSO,6,20,1,21267,500000,500029,9910,4479,0,80850.12331043038,79050.12331043038,100.0,105.0,125.0,0.615856892951865,1.0164404174295611,1.0000000000000007,1.0099800000000008,0.0046053505204042226,5.0,-0.6612618487678418,21.74
ADPSO,4,20,0,21066,500000,500029,9902,4879,0,880.0000000000028,80.00000000000284,100.0,100.0,100.0,0.5099860139860138,1.008193578479221,1.0000000000000007,1.0099900000000006,0.007843580183723185,6.0,-0.7921654655952067,32.77
ADPSO,6,20,2,21268,500000,500048,9911,4448,0,62755.19770549857,60955.19770549857,100.0,106.0,128.0,0.5754097354367445,1.0053424216534352,1.0000000000000007,1.0099926168662103,0.00484970935982031,5.0,-0.6613394234060674,22.27
ADPSO,4,20,2,21068,500000,500034,9902,4884,0,858.0000000000015,58.00000000000148,100.0,100.0,100.0,0.5090090090090087,1.232810535880623,1.0000000000000007,1.0099900000000006,0.008902358545373749,4.0,-0.8579833528560354,31.39
ADPSO,4,20,1,21067,500000,500041,9902,4891,0,866.0000000000007,66.00000000000068,100.0,100.0,100.0,0.5091280907231831,1.7507946099127818,1.0000000000000007,1.0099900000000006,0.008863312373294942,5.0,-0.8687863448908458,32.2
ADPSO,9,10,1,11567,200000,200024,3962,1874,0,2659.094344780412,359.09434478041203,100.0,100.0,104.0,1.7117049617049622,1.386131428937769,1.0000000000000007,1.0099800000000008,0.23062265697961232,5.0,-0.7476886889694514,26.46
ADPSO,9,10,0,11566,200000,200036,3962,1886,0,2659.0943447804025,359.0943447804025,100.0,100.0,107.0,1.6134611925221756,0.9619417338522968,1.0000000000000007,1.0099842368994392,0.24230006316250655,7.0,-0.6534411943349375,26.98
ADPSO,9,10,2,11568,200000,200025,3962,1875,0,2659.0943447804007,359.09434478040066,100.0,100.0,109.0,1.6846486846486852,1.1187541645633516,1.0000000000000007,1.009994311036318,5.902406714382066,6.0,-0.7825465654851361,26.47
ADPSO,10,10,0,11666,200000,200039,3961,1939,0,2622.0626827683855,222.06268276838546,100.0,100.0,100.0,1.282051282051281,1.882318307468941,1.0000000000000007,1.0099300000000007,0.06175952272543193,5.0,-0.8776895034720479,25.57
ADPSO,10,10,1,11667,200000,200040,3961,1940,0,2621.1220572825246,221.12205728252457,100.0,100.0,100.0,1.282051282051281,2.16177108248724,1.0000000000000007,1.0099300000000007,2.9110280796922723,4.0,-0.89094746520009,25.38
ADPSO,10,10,2,11668,200000,200034,3961,1934,0,2623.2271223565735,223.22712235657355,100.0,100.0,100.0,1.282294709509899,1.5820600388430424,1.0000000000000007,1.0099700000000007,0.11234276130385727,5.0,-0.8817335053929547,25.61
ADPSO,11,10,0,11766,200000,200036,3961,1936,0,2600.000000645965,6.459649739554152e-07,100.0,100.0,100.0,1.282051282051281,2.4192923879728174,1.0000000000000007,1.0097632089512545,2.904259269072892,4.0,-0.8744367044022971,41.93
ADPSO,9,20,0,21566,500000,500039,9903,4839,0,2635.638770271655,335.6387702716552,100.0,100.0,100.0,0.6973642187529357,1.026342628267912,1.0000000000000007,1.0099900000000006,8.206844570119067,4.0,-0.6047167370673027,67.84
ADPSO,9,20,1,21567,500000,500046,9904,4796,0,2635.6387702716315,335.63877027163153,100.0,100.0,100.0,0.9931852413604239,0.9227570498301627,1.0000000000000007,1.0099812614530772,8.325806466198944,6.0,-0.8483024229092524,67.1
ADPSO,9,20,2,21568,500000,500020,9903,4820,0,2635.6387702716893,335.6387702716893,100.0,100.0,100.0,0.7150148507276542,0.892116978676565,1.0000000000000007,1.0099800000000008,8.528926030960928,8.0,-0.6714417946169202,67.22
ADPSO,10,20,0,21666,500000,500022,9902,4872,0,2904.4006702459105,504.40067024591053,100.0,100.0,100.0,0.5456784594715623,1.010851749443396,1.0000000000000007,1.0099500000000006,0.0196976910616331,4.0,-0.8156698585620831,64.08
ADPSO,11,10,1,11767,200000,200033,3961,1933,0,2600.0000009294745,9.294744813814759e-07,100.0,100.0,100.0,1.282051282051281,2.033978470637082,1.0000000000000007,1.0099968853979635,3.2602254023129955,5.0,-0.8665748440650066,42.1
ADPSO,11,10,2,11768,200000,200000,3961,1900,0,2600.0000011486163,1.1486163202789612e-06,100.0,100.0,100.0,1.6416563828328523,1.4813757822984628,1.0000000000000007,1.0099201199200207,4.001943023530266,5.0,-0.8796114009909815,42.01
ADPSO,10,20,2,21668,500000,500022,9902,4872,0,2801.0208872748017,401.0208872748017,100.0,100.0,100.0,0.5731280339868797,1.0182409120049722,1.0000000000000007,1.0099645049907136,0.0402686254342627,5.0,-0.7794025777155165,63.81
ADPSO,10,20,1,21667,500000,500034,9904,4784,0,4411.0296154676635,2011.0296154676635,100.0,100.0,100.0,0.6287973841298806,1.0541702011551701,1.0000000000000007,1.0099900000000006,0.004011041201972768,5.0,-0.7636549036191959,64.99
ADSCA,1,10,0,10766,200000,200001,3973,1301,0,300.0000000000001,1.1368683772161603e-13,100.0,100.0,336.0,11.048902987047317,1.1798417179141372,1.0000000000000007,1.0099802806616984,16.110309693627357,4.0,-0.8008477423265912,3.84
ADSCA,1,10,1,10767,200000,200042,3970,1492,0,300.0000000000001,1.1368683772161603e-13,100.0,100.0,216.50000000000045,9.182247703986832,1.3158703682444068,1.0000000000000007,1.0099800000000008,14.65314625422732,5.0,-0.8483433572865411,3.86
ADSCA,1,10,2,10768,200000,200002,3977,1102,0,300.0000000000008,7.958078640513122e-13,100.0,100.0,400.9,13.072172943628514,1.1530337553455052,1.0000000000000007,1.0099934490496978,15.70104916695669,5.0,-0.7750714449015389,3.77
ADPSO,7,10,1,11367,200000,200037,3961,1937,0,2020.5036094497464,20.503609449746364,100.0,100.0,102.0,1.281889253453234,1.1748953431736404,1.0000000000000007,1.0099900000000006,0.007366279909023616,5.0,-0.7757250240372257,119.81
ADPSO,7,10,0,11366,200000,200024,3961,1924,0,2020.5001551828618,20.500155182861818,100.0,100.0,103.0,1.2931995540691201,1.2699813304458598,1.0000000000000007,1.0099800000000008,0.008736789677656084,6.0,-0.7485829113087467,119.88
ADPSO,7,10,2,11368,200000,200027,3961,1927,0,2021.017595992439,21.017595992439055,100.0,100.0,103.0,1.2870140612076097,1.4673209092229933,1.0000000000000007,1.0099700000000007,0.00907682361069087,4.0,-0.828575326900369,119.84
ADSCA,1,20,0,20766,500000,500045,9921,3945,0,300.0000000000001,1.1368683772161603e-13,100.0,100.0,164.5999999999999,6.798467645442732,0.9207363264849342,1.0000000000000007,1.00998097829667,18.796845917862115,4.0,-0.6817227175030325,9.61
ADSCA,2,10,0,10866,200000,200000,3967,1600,0,400.2498938797898,0.24989387978979494,100.0,100.0,145.0,6.771606771606772,1.4854225485253338,1.0000000000000007,1.0099800000000008,13.315347504507208,5.0,-0.8253773198261356,4.66
ADSCA,2,10,1,10867,200000,200029,3983,829,0,434.9498041295847,34.94980412958472,169.0,215.0,303.0,3.6087858220211175,1.1006712181778588,1.000012072056251,1.0099999332661098,4.779280402962618,7.0,-0.7076905553184083,4.6
ADSCA,1,20,1,20767,500000,500015,9919,4015,0,300.0000000000001,1.1368683772161603e-13,100.0,100.0,142.0,6.356254856254855,1.3673259001900446,1.0000000000000007,1.009989526368439,13.818101966963598,6.0,-0.7778185403425665,9.51
ADSCA,1,20,2,20768,500000,500002,9917,4102,0,300.0000000000001,1.1368683772161603e-13,100.0,100.0,115.90000000000009,5.774923465992278,1.0227393460308565,1.0000000000000007,1.0099850704249036,17.087620070410086,6.0,-0.8114800586746944,9.47
ADSCA,2,10,2,10868,200000,200006,3975,1206,0,485.81316420024706,85.81316420024706,111.0,122.0,267.0,7.74070676626043,1.1244644701023185,1.0000021469088627,1.0099946332643681,10.452891444576235,5.0,-0.7583330706698793,4.68
ADPSO,12,10,0,11866,200000,200008,3961,1908,0,2866.52758244346,166.52758244345978,100.0,100.0,100.0,1.282051282051281,1.7164166662697145,1.0000000000000007,1.0098800000000008,4.573959144364397,5.0,-0.8698306523452479,46.0
ADPSO,12,10,2,11868,200000,200000,3960,1950,0,2866.5652237871973,166.56522378719728,100.0,100.0,100.0,1.282051282051281,3.935268065268065,1.0000000000000007,1.0099200000000006,3.8144760652376015,3.0,-0.8649803660537124,46.16
ADPSO,12,10,1,11867,200000,200003,3961,1903,0,2865.9147466872523,165.91474668725232,100.0,100.0,105.0,1.3171245910167422,1.1585568329573825,1.0000000000000007,1.0099600000000006,0.08182389058399826,5.0,-0.8120403887798271,46.28
ADSCA,3,10,0,10966,200000,200000,3961,1900,0,600.0000000000001,1.1368683772161603e-13,100.0,100.0,100.0,1.2818892534532342,3.1550599928247793,1.0000000000000007,1.0099900000000006,6.904544753635163,3.0,-0.8746652019928537,8.53
ADSCA,2,20,0,20866,500000,500009,9947,2609,0,445.4874469919798,45.48744699197982,110.0,143.0,336.0,6.525011004764187,1.0926351209898468,1.0000000000000007,1.0099994966985508,7.7420462236581615,6.0,-0.6745338558685927,11.65
ADSCA,2,20,1,20867,500000,500006,9962,1856,0,465.3554409068499,65.35544090684988,195.0,265.0,335.0,2.3270944741532977,1.0701575469542883,1.0000097970496977,1.0099783825327342,3.1784364626522397,6.0,-0.6415327139489507,11.77
ADSCA,2,20,2,20868,500000,500021,9926,3671,0,449.08992574377385,49.08992574377385,100.0,100.0,261.0,7.010217240902174,1.1194031968410423,1.0000000000000007,1.0099960422652425,13.983760532751434,6.0,-0.7434132364304182,11.79
ADSCA,3,10,1,10967,200000,200042,3961,1942,0,600.0000000000001,1.1368683772161603e-13,100.0,100.0,100.0,1.282051282051281,2.9958165751504566,1.0000000000000007,1.0099600000000006,6.724265495918161,3.0,-0.8648304098408346,8.88
ADSCA,3,10,2,10968,200000,200000,3961,1900,0,600.0000000000001,1.1368683772161603e-13,100.0,100.0,100.0,1.282051282051281,4.090849466508989,1.0000000000000007,1.0094721179772406,5.352381526486956,4.0,-0.8680160585494509,8.5
ADSCA,4,10,0,11066,200000,200000,3960,1950,0,882.0,82.0,100.0,100.0,100.0,1.282051282051281,3.547575757575757,1.0000000000000007,1.0051392208467487,6.043500904181457,3.0,-0.870654472012083,12.73
ADSCA,4,10,1,11067,200000,200000,3960,1950,0,884.5,84.5,100.0,100.0,100.0,1.282051282051281,6.1475757575757575,1.0000000000000007,1.0097807086815496,2.668217908555811,1.0,-0.868981656580506,12.76
ADSCA,4,10,2,11068,200000,200029,3961,1929,0,858.0,58.0,100.0,100.0,100.0,1.282051282051281,2.755614519952115,1.0000000000000007,1.0081207830600036,7.0893076716568935,3.0,-0.8777361777777983,12.6
ADSCA,3,20,0,20966,500000,500000,9903,4800,0,600.0000000000001,1.1368683772161603e-13,100.0,100.0,100.0,1.048484848484848,1.981548394425931,1.0000000000000007,1.0099900000000006,9.68057572595527,4.0,-0.8753568791306313,21.43
ADPSO,11,20,0,21766,500000,500048,9904,4798,0,2600.000001426569,1.4265688150771894e-06,100.0,100.0,100.0,0.9792885082589128,1.1895801192069126,1.0000000000000007,1.0098400978482556,4.947014986340591,4.0,-0.8670713733864768,106.39
ADSCA,3,20,1,20967,500000,500048,9903,4848,0,600.0000000000001,1.1368683772161603e-13,100.0,100.0,100.0,0.9353222628764424,2.2988177150038536,1.0000000000000007,1.0099923619113558,8.039169619922646,4.0,-0.8817022461762951,21.78
ADSCA,3,20,2,20968,500000,500010,9903,4810,0,600.0000000000001,1.1368683772161603e-13,100.0,100.0,100.0,0.9867560799341163,1.892666977792697,1.0000000000000007,1.0099974205460054,10.422890161303807,6.0,-0.8794212344740993,21.51
ADSCA,5,10,0,11166,200000,200000,3961,1900,0,900.1790565057378,0.1790565057377762,100.0,100.0,100.0,1.6087196012008038,1.8329547296668842,1.0000000000000007,1.0099900000000006,9.84191234118051,4.0,-0.8756832287081655,6.61
ADSCA,5,10,1,11167,200000,200000,3961,1900,0,900.0895282566001,0.08952825660014696,100.0,100.0,100.0,1.282051282051281,3.499270519140568,1.0000000000000007,1.0099900000000006,5.877975029952993,3.0,-0.8634997801253843,6.63
ADSCA,5,10,2,11168,200000,200049,3963,1849,0,900.908648040641,0.9086480406409692,100.0,100.0,110.0,2.5128205128205128,2.2381395130484294,1.0000000000000007,1.0099900000000006,7.810523237735903,3.0,-0.8831797026499699,6.88
ADSCA,6,10,0,11266,200000,200001,3974,1251,0,17554.415270726273,15754.415270726273,115.0,134.0,238.0,5.853438228438229,1.1951958312564845,1.0000382179688365,1.0099825602714294,16.829929638613674,5.0,-0.8278119330095179,8.86
ADPSO,8,10,0,11466,200000,200024,3961,1924,0,2221.760174509008,21.76017450900781,100.0,100.0,104.0,1.281239857189224,1.3333908938554233,1.0000000000000007,1.0099900000000006,0.009358866260971252,6.0,-0.7906711612450823,169.6
ADSCA,6,10,1,11267,200000,200000,3973,1300,0,7231.026480463568,5431.026480463568,115.0,131.0,200.10000000000014,5.482594268476621,1.1727913415554994,1.0000015762152445,1.009994883729669,18.250247132545,5.0,-0.7793179681684075,8.9
ADSCA,4,20,0,21066,500000,500000,9902,4850,0,1034.0,234.0,100.0,100.0,100.0,0.9173175049463708,1.664839134861852,1.0000000000000007,1.0099900000000006,10.981628783754918,4.0,-0.8767819655115351,32.05
ADPSO,8,10,2,11468,200000,200020,3961,1920,0,2221.715164790965,21.71516479096499,100.0,100.0,105.0,1.2873909036699724,1.2048572540604228,1.0000000000000007,1.0099800000000008,0.007842595679843831,6.0,-0.770841283889808,168.89
ADPSO,8,10,1,11467,200000,200010,3961,1910,0,2207.2956654127006,7.2956654127006,100.0,100.0,106.0,1.2840666149216324,1.2413587451473858,1.0000000000000007,1.0099800000000008,0.009042065715421382,4.0,-0.6792217833005249,169.97
ADSCA,5,20,0,21166,500000,500038,9904,4788,0,902.6297335267329,2.6297335267329345,100.0,100.0,100.0,1.2643881893934126,1.5742030763500026,1.0000000000000007,1.0099800000000008,10.828118791852667,7.0,-0.8788045828514972,16.96
ADSCA,5,20,1,21167,500000,500000,9904,4750,0,902.7192686281546,2.719268628154623,100.0,100.0,106.0,1.2471493886230736,1.6328168523084772,1.0000000000000007,1.0099900000000006,8.99120114279392,6.0,-0.8868388219513093,17.0
ADSCA,5,20,2,21168,500000,500000,9904,4750,0,902.4439944543452,2.4439944543452157,100.0,100.0,100.0,1.2143072833599156,1.5873431680979506,1.0000000000000007,1.0099900000000006,10.49241537085751,5.0,-0.8665609857767828,17.16
ADSCA,6,10,2,11268,200000,200027,3975,1227,0,14638.103221434632,12838.103221434632,112.0,137.0,242.0,7.233998579086741,1.1640183912287985,1.000023217660194,1.009999854042139,16.989932087793697,5.0,-0.8156910269057538,9.05
ADSCA,4,20,2,21068,500000,500000,9901,4900,0,1083.5,283.5,100.0,100.0,100.0,0.5050505050505054,2.5451004948995046,1.0000000000000007,1.0099932572193437,1.2350813612021985,5.0,-0.8798691812166646,32.05
ADSCA,4,20,1,21067,500000,500047,9902,4897,0,1074.0,274.0,100.0,100.0,100.0,0.5065603966972154,2.301246786611715,1.0000000000000007,1.0099900000000006,7.931549087070532,3.0,-0.8862696206217231,32.2
ADPSO,11,20,1,21767,500000,500000,9902,4850,0,2600.0000011895245,1.1895244824700058e-06,100.0,100.0,100.0,0.8451525564927628,1.5848391348618527,1.0000000000000007,1.0099883222814436,4.212774306509259,5.0,-0.8804306835322915,106.06
ADPSO,11,20,2,21768,500000,500003,9902,4853,0,2600.0000011786715,1.1786714821937494e-06,100.0,100.0,100.0,0.7945156428256178,1.1095260859118725,1.0000000000000007,1.0099869379950093,4.37550415894139,3.0,-0.8830339638180222,106.67
ADSCA,6,20,0,21266,500000,500002,9912,4352,0,56286.857054805565,54486.857054805565,100.0,104.0,119.0,2.9222152560083607,1.3173700624317524,1.0000000000000007,1.0099800000000008,14.916529992473459,4.0,-0.8528616125364671,22.35
ADSCA,6,20,1,21267,500000,500046,9912,4396,0,48937.930762492324,47137.930762492324,102.0,105.0,115.0,2.6239555343726764,1.227561779326866,1.0000000000000007,1.0099700000000007,15.025960265191419,4.0,-0.8058333307784312,22.73
ADSCA,6,20,2,21268,500000,500047,9910,4497,0,56027.643200133905,54227.643200133905,100.0,103.0,113.0,2.2589311000525965,1.2364538798934688,1.0000000000000007,1.0099700000000007,14.824245657620319,5.0,-0.8082252694665518,23.16
ADPSO,12,20,0,21866,500000,500044,9902,4894,0,2946.1077855337953,246.10778553379532,100.0,100.0,100.0,0.5122690519256337,2.0014654443129922,1.0000000000000007,1.0099800000000008,4.617843892876531,5.0,-0.8864015378583587,116.79
ADPSO,12,20,1,21867,500000,500000,9902,4850,0,2943.931791482501,243.931791482501,100.0,100.0,100.0,0.6797917317504948,1.7761793410474191,1.0000000000000007,1.0099400000000007,4.9051187820327184,4.0,-0.879823739382609,116.53
ADPSO,12,20,2,21868,500000,500043,9902,4893,0,2940.036488508018,240.036488508018,100.0,100.0,100.0,0.5111098719767704,1.5448927591768635,1.0000000000000007,1.0099313837553379,6.323969554835366,5.0,-0.8916479212865787,116.95
ADSCA,9,10,0,11566,200000,200002,3976,1152,0,2746.9955241991565,446.99552419915653,116.0,142.0,258.0,5.842991682133773,1.0904699027498321,1.0000008403143894,1.0099960404400161,4.861074391985396,5.0,-0.7373553870753787,27.1
ADSCA,9,10,1,11567,200000,200011,3972,1361,0,2663.345754588705,363.34575458870495,113.0,126.0,187.0,4.201195295932139,1.0629355895382298,1.0000197950348046,1.0099851238396518,6.421685786369997,5.0,-0.6669882064153827,26.78
ADSCA,9,10,2,11568,200000,200022,3965,1722,0,2745.605473976968,445.6054739769679,100.0,100.0,135.0,4.834918909123856,1.5204037066492084,1.0000000000000007,1.0099900000000006,10.25171971687162,3.0,-0.8729967210483621,26.89
ADSCA,10,10,0,11666,200000,200000,3965,1700,0,2630.4058365729893,230.4058365729893,100.0,102.0,138.0,4.867222737102254,1.5041896001780286,1.0000000000000007,1.0099900000000006,11.137829516041277,6.0,-0.8712095133810037,25.97
ADSCA,10,10,1,11667,200000,200000,3963,1800,0,2625.138821640172,225.13882164017195,100.0,100.0,102.0,3.8124095618452274,1.466909748507023,1.0000000000000007,1.0099900000000006,11.224266993027172,5.0,-0.8791959391601937,25.44
ADSCA,9,20,0,21566,500000,500038,9934,3288,0,2643.7496278071294,343.7496278071294,109.0,129.0,234.0,4.105117206920935,1.0285045534101713,1.0000000000000007,1.0099982199401263,7.356497984794181,5.0,-0.6198086540512499,68.07
ADSCA,9,20,1,21567,500000,500025,9928,3575,0,2641.3480713916956,341.3480713916956,103.0,115.0,214.0,4.878410191314323,1.0662010390898387,1.0000000000000007,1.0099934447256096,9.463221489704022,5.0,-0.690163731036777,68.4
ADSCA,7,10,0,11366,200000,200007,3967,1607,0,2024.0716959171036,24.071695917103625,100.0,100.0,175.20000000000027,5.271216140181656,1.4847648670919023,1.0000000000000007,1.0099660137353814,13.48917778059706,3.0,-0.881576112335675,120.82
ADSCA,7,10,1,11367,200000,200013,3965,1713,0,2030.2074795778476,30.207479577847607,100.0,100.0,151.0,4.433530571992109,1.3023538566072514,1.0000000000000007,1.009986261153036,14.712837839677926,5.0,-0.8179565334618736,121.46
ADSCA,7,10,2,11368,200000,200042,3966,1692,0,2029.8080882521012,29.808088252101243,100.0,100.0,146.0,4.308065268065268,1.373610082867494,1.0000000000000007,1.0099700000000007,13.696437649111498,5.0,-0.8696334370693192,121.54
ADSCA,9,20,2,21568,500000,500003,9926,3653,0,2639.3572135037557,339.3572135037557,100.0,108.0,223.80000000000018,5.24434784781034,1.0584753951758756,1.0000000000000007,1.0099985444403103,11.292253331144348,5.0,-0.7290414588772219,68.9
ADSCA,10,10,2,11668,200000,200007,3962,1857,0,2768.779878183898,368.77987818389784,100.0,100.0,100.0,2.5641025641025648,2.2415827311532794,1.0000000000000007,1.0099900000000006,10.629584723679118,4.0,-0.8881700642729851,25.73
ADSCA,11,10,0,11766,200000,200044,3964,1794,0,2600.0000000000014,1.3642420526593924e-12,100.0,100.0,104.0,4.506490842490844,1.5262451247402764,1.0000000000000007,1.0099900000000006,13.267541952767358,6.0,-0.8715628502083405,42.99
ADSCA,11,10,1,11767,200000,200018,3965,1718,0,2621.4796818703985,21.479681870398508,100.0,100.0,105.0,5.098051644255292,1.7471510759894127,1.0000000000000007,1.00999104254244,13.052912475782922,5.0,-0.8717607731402682,43.2
ADSCA,11,10,2,11768,200000,200000,3963,1800,0,2600.0000000000014,1.3642420526593924e-12,100.0,100.0,102.0,3.919663953793647,1.641354192951468,1.0000000000000007,1.0099900000000006,11.871064341290374,5.0,-0.8732760068868283,43.56
ADSCA,10,20,0,21666,500000,500000,9907,4600,0,5373.582641439379,2973.5826414393787,100.0,100.0,100.0,2.6697013614404903,1.7722035802528733,1.0000000000000007,1.0099800000000008,13.07763440150908,7.0,-0.8866442506363729,65.65
ADSCA,8,10,1,11467,200000,200046,3964,1796,0,2232.3954623704767,32.39546237047671,100.0,100.0,131.5,3.296167757618356,1.5658532583900986,1.0000000000000007,1.0099535509770852,12.143788069675118,5.0,-0.8557961415867535,170.12
ADSCA,8,10,2,11468,200000,200000,3965,1700,0,2696.3211958386437,496.3211958386437,100.0,102.0,140.0,3.6007023279750547,1.5500719531192049,1.0000000000000007,1.0099700000000007,12.751203173139604,4.0,-0.871025063592584,170.69
ADSCA,8,10,0,11466,200000,200000,3963,1800,0,2333.9451102378052,133.94511023780524,100.0,100.0,127.0,2.537515057649285,2.465798637395912,1.0000000000000007,1.0099678441798243,8.664391909972663,4.0,-0.866453937386635,172.29
ADSCA,10,20,1,21667,500000,500047,9909,4547,0,5049.555403201031,2649.5554032010314,100.0,100.0,121.0,2.2814939353908965,1.2717158293539164,1.0000000000000007,1.0099936906179214,15.591013155535606,4.0,-0.8593166894270221,66.41
ADSCA,10,20,2,21668,500000,500032,9910,4482,0,4438.87145071914,2038.8714507191398,100.0,103.0,123.0,2.0369948364576835,1.3687915919761569,1.0000000000000007,1.0099900997435147,13.641680700164274,5.0,-0.876888874045945,65.73
ADSCA,12,10,0,11866,200000,200000,3961,1900,0,2870.5353494256537,170.53534942565375,100.0,100.0,100.0,1.6710865865041458,1.7961126244037262,1.0000000000000007,1.0099900000000006,11.845619871410442,4.0,-0.8686599668871727,45.94
ADSCA,12,10,1,11867,200000,200000,3962,1850,0,2871.665042062033,171.66504206203308,100.0,100.0,112.10000000000014,2.5018009937499115,1.925496541468273,1.0000000000000007,1.0099834324986876,10.49812385441068,4.0,-0.860439352690431,45.68
ADSCA,12,10,2,11868,200000,200000,3962,1850,0,2870.757516739904,170.75751673990408,100.0,100.0,105.0,2.514070601605227,1.7698208657925976,1.0000000000000007,1.0099900000000006,11.491431111126804,5.0,-0.8784972471286717,45.29
ADSCA,11,20,0,21766,500000,500005,9919,4005,0,2600.000000000007,6.821210263296962e-12,100.0,100.0,193.0,5.075302575302575,1.2494129792140305,1.0000000000000007,1.0099981909990645,13.808386616707422,5.0,-0.756366073646515,105.15
ADSCA,11,20,1,21767,500000,500029,9913,4329,0,2600.0000000000023,2.2737367544323206e-12,100.0,100.0,144.20000000000027,3.9856361997729337,1.3440814970119925,1.0000000000000007,1.0099900000000006,14.354704371434071,3.0,-0.8486965700666693,99.78
ADSCA,11,20,2,21768,500000,500023,9914,4273,0,2600.0000000000036,3.637978807091713e-12,100.0,100.0,122.0,4.430020524342439,1.0342402418817276,1.0000000000000007,1.0099800000000008,15.450650060894109,5.0,-0.8091296673006797,99.17
ADSCA,12,20,0,21866,500000,500036,9907,4636,0,3071.5300020220657,371.5300020220657,100.0,100.0,108.0,1.8519202395606886,1.4755338104248719,1.0000000000000007,1.0099900000000006,13.357400794483361,5.0,-0.8848913833687695,103.17
ADSCA,12,20,1,21867,500000,500031,9910,4481,0,3221.1677198060015,521.1677198060015,100.0,100.0,119.0,3.3034576795490165,1.3356010611909779,1.0000000000000007,1.0099918909319288,14.567310957560277,5.0,-0.8714073989928786,103.31
ADSCA,12,20,2,21868,500000,500020,9907,4620,0,3116.38626257737,416.38626257736996,100.0,100.0,123.0,1.942301839115193,1.131498564354121,1.0000000000000007,1.0099700000000007,17.044767639972697,5.0,-0.8235819040342341,102.58
ADPSO,7,20,0,21366,500000,500000,9904,4750,0,2026.9310258384467,26.931025838446658,100.0,100.0,111.0,0.580734669211602,1.0126063259926879,1.0000000000000007,1.0099900000000006,0.011321538812793318,5.0,-0.6673694746830234,503.94
ADPSO,7,20,1,21367,500000,500027,9904,4777,0,2025.1664539896365,25.166453989636466,100.0,100.0,109.0,0.556577719368417,1.0619442777944803,1.0000000000000007,1.0099890660493276,0.005539065128093826,4.0,-0.6621690665805607,505.6
ADPSO,7,20,2,21368,500000,500012,9903,4812,0,2026.571854925322,26.571854925321986,100.0,100.0,106.0,0.5773931373598802,1.0099303644352717,1.0000000000000007,1.0099900000000006,0.00542491765700239,6.0,-0.6940571833220515,509.36
ADSCA,7,20,0,21366,500000,500005,9938,3055,0,2521.672434902031,521.672434902031,128.0,157.0,200.0,2.6498128273859938,1.077536800174173,1.0000043964081604,1.009996684651821,17.26674678254143,5.0,-0.6702420699523544,428.63
ADSCA,7,20,2,21368,500000,500010,9933,3310,0,2359.873310127566,359.8733101275661,107.0,135.0,204.0,3.9513231589502764,1.0969788215484835,1.0000000000000007,1.0099989797870172,17.15115683439339,6.0,-0.6902998675902389,428.57
ADSCA,7,20,1,21367,500000,500044,9934,3294,0,2234.044170492412,234.04417049241192,106.0,137.0,208.0,3.3183340251833404,1.1164989476996259,1.0000000000000007,1.0099957200502467,16.971316988260504,5.0,-0.699529122883819,430.44
ADPSO,8,20,0,21466,500000,500041,9905,4741,0,2231.4605124996133,31.460512499613287,100.0,100.0,111.0,0.5807057920981973,0.965562934356028,1.0000000000000007,1.0099872191880623,0.003973260304599461,4.0,-0.704461838442979,630.85
ADPSO,8,20,1,21467,500000,500004,9904,4754,0,2233.84650799723,33.84650799723022,100.0,100.0,110.0,0.6153198653198654,1.0791000419339074,1.0000000000000007,1.0099900000000006,0.004102877944120353,5.0,-0.6668865770318273,628.95
ADPSO,8,20,2,21468,500000,500038,9906,4688,0,2242.093743041677,42.093743041677044,100.0,100.0,114.0,0.5949637217242856,1.0335774023258903,1.0000000000000007,1.0099849589309415,0.004431071324209371,4.0,-0.6984801312863791,628.55
ADSCA,8,20,0,21466,500000,500030,9919,4030,0,2682.632061326126,482.63206132612595,100.0,114.0,156.0,2.625387557426392,1.118771077989782,1.0000000000000007,1.009997698020499,15.736810024511989,5.0,-0.7494997084789717,539.72
ADSCA,8,20,2,21468,500000,500040,9920,3990,0,3046.591664462938,846.5916644629378,100.0,114.0,158.0,2.7951535429578094,1.1215917818740397,1.0000000000000007,1.0099967420042175,15.730656258376314,4.0,-0.6548968461788116,537.68
ADSCA,8,20,1,21467,500000,500035,9918,4085,0,3015.1738485035416,815.1738485035416,100.0,111.0,153.0,2.3867958644810043,1.114438394837669,1.0000000000000007,1.0099932421405666,16.876556415693823,5.0,-0.7438410289351992,542.08
