algo,func_id,dim,activity,delta
ADPSO,1,10,0.489775309265337,0.0
ADPSO,1,20,0.49202181377499493,0.0
ADPSO,2,10,0.45773403986878625,0.6681316545750504
ADPSO,2,20,0.4906079579882852,0.5787310457201353
ADPSO,3,10,0.49242424242424243,0.0
ADPSO,3,20,0.4948995051004949,9.143447161898797
ADPSO,4,10,0.4910376167634436,-0.023481095849523532
ADPSO,4,20,0.4932336901636033,-0.002624143826148946
ADPSO,5,10,0.49242424242424243,0.0
ADPSO,5,20,0.4946475459503131,0.046631384825502234
ADPSO,6,10,0.4136627174187043,0.11441361993666495
ADPSO,6,20,0.4519677093844601,0.008323407403233488
ADPSO,7,10,0.48649330977026006,0.0037099532467517156
ADPSO,7,20,0.4823303715670436,0.0883494901161166
ADPSO,8,10,0.4847260792729109,0.018703456630332013
ADPSO,8,20,0.47864714790509844,1.5834994598745817
ADPSO,9,10,0.47324583543664817,0.024801562639591514
ADPSO,9,20,0.48672119559729377,0.15815621178675654
ADPSO,10,10,0.48952284776571575,0.0003310418184335602
ADPSO,10,20,0.49202181377499493,0.0070121740435909
ADPSO,11,10,0.4880080787679879,0.05514202781202883
ADPSO,11,20,0.4898000403958796,8.71295177769747
ADPSO,12,10,0.4816965412774552,0.0002669929752164601
ADPSO,12,20,0.49414259745505956,0.01339513872694525
ADSCA,1,10,0.3274603574125346,12.916518137408199
ADSCA,1,20,0.4047787075310011,14.43774396359931
ADSCA,2,10,0.30339622641509434,1.9334489485670812
ADSCA,2,20,0.26229013772996884,1.4990982610746908
ADSCA,3,10,0.4796768492804847,9.363484115279896
ADSCA,3,20,0.48571140058568113,10.106598078685836
ADSCA,4,10,0.49242424242424243,0.08320737970366808
ADSCA,4,20,0.49454655625126237,0.11264759050118285
ADSCA,5,10,0.4796768492804847,0.431136758767109
ADSCA,5,20,0.4796042003231018,0.4544297245012091
ADSCA,6,10,0.3147961751383996,3.371492919747232
ADSCA,6,20,0.4435028248587571,4.879560340551918
ADSCA,7,10,0.4266263237518911,0.7054651317510358
ADSCA,7,20,0.3315884839943628,0.7034215763554653
ADSCA,8,10,0.4530776992936428,0.2982001391749759
ADSCA,8,20,0.40629095674967236,6.236176234359681
ADSCA,9,10,0.34264853977844917,0.3555510951270303
ADSCA,9,20,0.36009266720386784,1.0871309534013331
ADSCA,10,10,0.45420136260408783,0.20994743689138706
ADSCA,10,20,0.4588757695024725,0.2376133958028457
ADSCA,11,10,0.4525731584258325,12.369967220112743
ADSCA,11,20,0.43100665725237036,13.690906028427232
ADSCA,12,10,0.4669358909641595,0.4349722725737101
ADSCA,12,20,0.4663369334813768,0.4669337752544873
