algo,func_id,dim,run_id,seed,budget,fe,gens,trig_count,boost_hits,best_fitness,error,dwell_p10,dwell_p50,dwell_p90,fano_w100,fano_gen,kick_mag_min,kick_mag_max,kick_spread_p50,prop_delay_p50,corr_K_meanA,runtime,epoch_spread
ADPSO,1,10,0,10766,200000,200041,3961,1941,0,300.0000000000041,4.149569576838985e-12,100.0,100.0,100.0,1.282051282051281,2.2111571854431817,1.0000000000000009,1.0098414657325698,3.305441286753056,5.0,-0.868494809080115,3.83,8.789197915623474
ADPSO,1,10,1,10767,200000,200031,3961,1931,0,300.00000000000387,3.865352482534945e-12,100.0,100.0,100.0,1.282051282051281,1.624873850963518,1.0000000000000009,1.0098607961218609,3.6920261198291335,5.0,-0.8863950421503629,4.48,11.74734012447073
ADPSO,1,10,2,10768,200000,200040,3961,1940,0,300.0000000000026,2.614797267597169e-12,100.0,100.0,100.0,1.282051282051281,1.8648638659923948,1.0000000000000009,1.0098494210593467,3.31481065407208,4.0,-0.8754503531895462,4.7,8.477476039482505
ADPSO,2,10,0,10866,200000,200014,3963,1814,0,404.06914771800695,4.0691477180069455,100.0,100.0,127.0,1.447742867461178,1.2611193228655022,1.0000000000000009,1.0099600000000006,0.015830777149495885,6.0,-0.8345784961991439,5.28,19.639416148823432
ADPSO,2,10,1,10867,200000,200000,3960,1950,0,408.91610192778137,8.91610192778137,100.0,100.0,100.0,1.282051282051281,2.707575757575757,1.0000000000000009,1.0099367839359012,3.1391097215336363,4.0,-0.8761159987762355,5.62,6.2425956140054435
ADPSO,2,10,2,10868,200000,200013,3965,1713,0,404.0739624364597,4.0739624364597375,100.0,105.0,141.0,1.7177809301545175,1.106206746274502,1.0000000000000009,1.0099882216126272,0.05132688562183453,6.0,-0.6870678958759155,5.8,24.642433471761834
ADPSO,3,10,0,10966,200000,200000,3960,1950,0,600.0,0.0,100.0,100.0,100.0,1.282051282051281,6.0275757575757565,1.0000000000000009,1.0085172146362686,2.103576220286556,2.0,-0.8693972344559481,8.84,2.6509620895063737
ADPSO,3,10,2,10968,200000,200000,3960,1950,0,600.0,0.0,100.0,100.0,100.0,1.282051282051281,4.467575757575758,1.0000000000000009,1.0092520363944566,2.072620587885254,2.0,-0.8631468521404548,9.18,3.1256359352938086
ADPSO,3,10,1,10967,200000,200000,3960,1950,0,600.0,0.0,100.0,100.0,100.0,1.282051282051281,4.627575757575758,1.0000000000000009,1.0081289445586246,2.164830623569601,3.0,-0.864187920251639,9.39,2.901103238424996
ADPSO,1,20,2,20768,500000,500022,9902,4872,0,300.0000000000301,3.012701199622825e-11,100.0,100.0,100.0,0.6623009055219412,1.738273752727468,1.0000000000000009,1.0098783838273335,4.025531173501792,4.0,-0.8596227124380079,9.64,38.30110181182781
ADPSO,1,20,0,20766,500000,500032,9902,4882,0,300.0000000000245,2.4499513529008248e-11,100.0,100.0,100.0,0.5422558232881874,1.8596925825569068,1.0000000000000009,1.0099376866162693,3.6023342686619904,3.0,-0.8852231566961206,9.87,39.82926060071917
ADPSO,1,20,1,20767,500000,500019,9902,4869,0,300.00000000003297,3.302602635812945e-11,100.0,100.0,100.0,0.6446213055337588,1.5450443510502332,1.0000000000000009,1.0099632201225408,4.121142151276819,4.0,-0.8826778465789059,10.05,36.595059775876855
ADPSO,5,10,0,11166,200000,200000,3960,1950,0,900.0,0.0,100.0,100.0,100.0,1.282051282051281,2.4973193473193467,1.0000000000000009,1.0099400000000007,2.7767783633174146,4.0,-0.8747805099978353,6.33,6.5218402311004215
ADPSO,5,10,1,11167,200000,200000,3960,1950,0,900.0000000000001,1.1368683772161605e-13,100.0,100.0,100.0,1.282051282051281,3.772191142191143,1.0000000000000009,1.0099300000000009,2.496675607676026,3.0,-0.8654359425386879,6.41,4.645169534042864
ADPSO,2,20,2,20868,500000,500008,9902,4858,0,449.08447897958087,49.084478979580815,100.0,100.0,100.0,0.7415351788421588,1.5110388102290877,1.0000000000000009,1.0098800000000008,3.966852575070903,5.0,-0.8783690240312587,11.82,26.818090908936828
ADPSO,5,10,2,11168,200000,200000,3960,1950,0,900.0000000000001,1.1368683772161605e-13,100.0,100.0,100.0,1.282051282051281,4.223473193473193,1.0000000000000009,1.0098400700000008,2.3652691178432614,2.0,-0.8688975645041515,6.3,4.043958456759911
ADPSO,2,20,0,20866,500000,500015,9902,4865,0,449.08447897955705,49.08447897955705,100.0,100.0,100.0,0.6700966499527651,1.395427149061834,1.0000000000000009,1.009952395133099,4.009359392731638,4.0,-0.8802056681592265,12.18,37.318092127009926
ADPSO,2,20,1,20867,500000,500046,9909,4546,0,400.3744938613372,0.3744938613371573,100.0,100.0,136.0,0.7473679996797566,1.1729893371519806,1.0000000000000009,1.0099890283258055,0.01138517339332427,4.0,-0.817444984640024,12.47,23.884449438442054
ADPSO,4,10,2,11068,200000,200045,3961,1945,0,831.1644498437115,31.16444984371151,100.0,100.0,100.0,1.2818892534532342,2.0698878331080217,1.0000000000000009,1.0099900000000006,0.010533548920831814,4.0,-0.8615944389180198,12.83,14.824790049103562
ADPSO,4,10,1,11067,200000,200048,3961,1948,0,816.0,16.0,100.0,100.0,100.0,1.282051282051281,2.3244267646514505,1.0000000000000009,1.0099800000000008,0.013363070821176442,4.0,-0.8715596456885609,13.23,12.323895488034617
ADPSO,4,10,0,11066,200000,200039,3961,1939,0,812.0000000000058,12.000000000005686,100.0,100.0,100.0,1.2820242202827958,1.6853095400630616,1.0000000000000009,1.0099900000000006,0.013449828256306948,4.0,-0.863390257441865,13.43,19.306620626096116
ADPSO,6,10,1,11267,200000,200041,3967,1641,0,4874.046490811197,3074.0464908111967,100.0,106.0,154.0,1.297566248589188,1.0592196713686202,1.0000000000000009,1.009994964397908,0.011159082349629356,5.0,-0.6579820491746318,8.73,25.069852412808498
ADPSO,6,10,2,11268,200000,200002,3967,1602,0,4562.896365090332,2762.8963650903315,100.0,109.0,160.0,1.379330593071051,0.9931721345293428,1.0000000000000009,1.0099890034205632,0.008102144887385802,5.0,-0.6279550768945504,8.59,27.843676505825492
ADPSO,6,10,0,11266,200000,200047,3967,1647,0,4224.579135056343,2424.579135056343,100.0,102.0,149.0,1.3899335232668566,1.0207689455004392,1.0000000000000009,1.009983066072829,0.007997460888442453,3.0,-0.6464464563285969,9.15,28.958667863775165
ADPSO,3,20,2,20968,500000,500000,9901,4900,0,600.0,0.0,100.0,100.0,100.0,0.5050505050505054,2.5851004948995056,1.0000000000000009,1.0099947108380551,2.581620184886091,3.0,-0.8715735555406027,21.36,5.383530440147989
ADPSO,3,20,1,20967,500000,500000,9901,4900,0,600.0,0.0,100.0,100.0,100.0,0.5050505050505054,3.8646923316341986,1.0000000000000009,1.0099800000000008,2.2466732367697,4.0,-0.8685785578392841,21.9,4.758150901348127
ADPSO,3,20,0,20966,500000,500000,9901,4900,0,600.0,0.0,100.0,100.0,100.0,0.5050505050505054,3.385100494899505,1.0000000000000009,1.0099616865490053,2.2008000278510638,3.0,-0.869310206359809,22.31,4.390034168431949
ADPSO,5,20,0,21166,500000,500048,9902,4898,0,900.0895282504167,0.08952825041683354,100.0,100.0,100.0,0.5056526885844973,0.917357354008854,1.0000000000000009,1.0099900000000006,4.484753525265324,3.0,-0.8928189768834305,16.66,19.834323784792865
ADPSO,5,20,1,21167,500000,500000,9901,4900,0,900.0895282504167,0.08952825041683354,100.0,100.0,100.0,0.5050505050505054,2.1393862091852194,1.0000000000000009,1.0099300000000009,3.487673413820752,4.0,-0.886158003285184,16.04,10.403922337272611
ADPSO,5,20,2,21168,500000,500024,9902,4874,0,900.2685847512497,0.2685847512497048,100.0,100.0,100.0,0.5243193586449587,1.0851254066627674,1.0000000000000009,1.009950020000001,5.149583778353284,4.0,-0.889494026532173,16.5,35.88506095856604
ADPSO,6,20,0,21266,500000,500039,9910,4489,0,79251.2591533759,77451.2591533759,100.0,106.0,123.0,0.5651117819604561,1.0963660469284826,1.0000000000000009,1.0099909656989627,0.0036520635531376118,5.0,-0.6642255906071279,22.29,27.88155437838283
ADPSO,6,20,1,21267,500000,500029,9910,4479,0,80850.12331043037,79050.12331043037,100.0,105.0,125.0,0.615856892951865,1.0164404174295611,1.0000000000000009,1.0099800000000008,0.0046053505204042226,5.0,-0.6612618487678418,21.74,28.251353285996814
ADPSO,4,20,0,21066,500000,500029,9902,4879,0,880.0000000000027,80.00000000000284,100.0,100.0,100.0,0.5099860139860138,1.008193578479221,1.0000000000000009,1.0099900000000006,0.007843580183723184,6.0,-0.7921654655952067,32.77,26.500485878142463
ADPSO,6,20,2,21268,500000,500048,9911,4448,0,62755.19770549858,60955.19770549858,100.0,106.0,128.0,0.5754097354367445,1.0053424216534352,1.0000000000000009,1.0099926168662103,0.0048497093598203105,5.0,-0.6613394234060674,22.27,26.76665250270153
ADPSO,4,20,2,21068,500000,500034,9902,4884,0,858.0000000000015,58.00000000000148,100.0,100.0,100.0,0.5090090090090087,1.232810535880623,1.0000000000000009,1.0099900000000006,0.008902358545373749,4.0,-0.8579833528560354,31.39,22.84967395828658
ADPSO,4,20,1,21067,500000,500041,9902,4891,0,866.0000000000008,66.00000000000068,100.0,100.0,100.0,0.5091280907231831,1.7507946099127818,1.0000000000000009,1.0099900000000006,0.008863312373294942,5.0,-0.8687863448908458,32.2,16.993233947662816
ADPSO,9,10,1,11567,200000,200024,3962,1874,0,2659.094344780412,359.0943447804121,100.0,100.0,104.0,1.7117049617049622,1.3861314289377689,1.0000000000000009,1.0099800000000008,0.2306226569796123,5.0,-0.7476886889694514,26.46,30.19881454626986
ADPSO,9,10,0,11566,200000,200036,3962,1886,0,2659.0943447804025,359.09434478040254,100.0,100.0,107.0,1.6134611925221756,0.9619417338522968,1.0000000000000009,1.0099842368994392,0.2423000631625065,7.0,-0.6534411943349375,26.98,26.11973200475074
ADPSO,9,10,2,11568,200000,200025,3962,1875,0,2659.094344780401,359.0943447804006,100.0,100.0,109.0,1.6846486846486852,1.1187541645633516,1.0000000000000009,1.0099943110363179,5.902406714382066,6.0,-0.7825465654851361,26.47,24.002341552440253
ADPSO,10,10,0,11666,200000,200039,3961,1939,0,2622.062682768385,222.06268276838543,100.0,100.0,100.0,1.282051282051281,1.882318307468941,1.0000000000000009,1.0099300000000009,0.06175952272543193,5.0,-0.8776895034720479,25.57,9.932753898088889
ADPSO,10,10,1,11667,200000,200040,3961,1940,0,2621.122057282525,221.12205728252457,100.0,100.0,100.0,1.282051282051281,2.16177108248724,1.0000000000000009,1.0099300000000009,2.9110280796922723,4.0,-0.8909474652000899,25.38,9.853425800197613
ADPSO,10,10,2,11668,200000,200034,3961,1934,0,2623.227122356573,223.22712235657357,100.0,100.0,100.0,1.282294709509899,1.5820600388430424,1.0000000000000009,1.0099700000000007,0.11234276130385727,5.0,-0.8817335053929547,25.61,13.07908253663077
ADPSO,11,10,0,11766,200000,200036,3961,1936,0,2600.000000645965,6.459649739554153e-07,100.0,100.0,100.0,1.282051282051281,2.419292387972817,1.0000000000000009,1.0097632089512545,2.904259269072892,4.0,-0.8744367044022971,41.93,6.862098804301786
ADPSO,9,20,0,21566,500000,500039,9903,4839,0,2635.638770271655,335.6387702716552,100.0,100.0,100.0,0.6973642187529357,1.026342628267912,1.0000000000000009,1.0099900000000006,8.206844570119067,4.0,-0.6047167370673027,67.84,29.945176573197894
ADPSO,9,20,1,21567,500000,500046,9904,4796,0,2635.6387702716315,335.63877027163153,100.0,100.0,100.0,0.993185241360424,0.9227570498301628,1.0000000000000009,1.0099812614530772,8.325806466198944,6.0,-0.8483024229092524,67.1,25.855947091530027
ADPSO,9,20,2,21568,500000,500020,9903,4820,0,2635.6387702716893,335.6387702716893,100.0,100.0,100.0,0.7150148507276542,0.892116978676565,1.0000000000000009,1.0099800000000008,8.528926030960928,8.0,-0.6714417946169202,67.22,29.936125333783597
ADPSO,10,20,0,21666,500000,500022,9902,4872,0,2904.4006702459105,504.4006702459105,100.0,100.0,100.0,0.5456784594715623,1.010851749443396,1.0000000000000009,1.0099500000000006,0.0196976910616331,4.0,-0.8156698585620831,64.08,24.771375029115397
ADPSO,11,10,1,11767,200000,200033,3961,1933,0,2600.0000009294745,9.29474481381476e-07,100.0,100.0,100.0,1.282051282051281,2.033978470637082,1.0000000000000009,1.0099968853979635,3.2602254023129955,5.0,-0.8665748440650066,42.1,8.681843122286878
ADPSO,11,10,2,11768,200000,200000,3961,1900,0,2600.000001148617,1.1486163202789612e-06,100.0,100.0,100.0,1.6416563828328523,1.4813757822984628,1.0000000000000009,1.0099201199200207,4.001943023530266,5.0,-0.8796114009909815,42.01,38.84451570041774
ADPSO,10,20,2,21668,500000,500022,9902,4872,0,2801.0208872748017,401.02088727480174,100.0,100.0,100.0,0.5731280339868797,1.0182409120049722,1.0000000000000009,1.0099645049907136,0.0402686254342627,5.0,-0.7794025777155165,63.81,33.23950059793317
ADPSO,10,20,1,21667,500000,500034,9904,4784,0,4411.029615467664,2011.0296154676635,100.0,100.0,100.0,0.6287973841298806,1.05417020115517,1.0000000000000009,1.0099900000000006,0.004011041201972768,5.0,-0.7636549036191959,64.99,30.550678300073606
ADSCA,1,10,0,10766,200000,200001,3973,1301,0,300.0000000000001,1.1368683772161605e-13,100.0,100.0,336.0,11.048902987047317,1.1798417179141372,1.0000000000000009,1.0099802806616984,16.110309693627354,4.0,-0.8008477423265912,3.84,29.47720475214704
ADSCA,1,10,1,10767,200000,200042,3970,1492,0,300.0000000000001,1.1368683772161605e-13,100.0,100.0,216.50000000000043,9.182247703986832,1.3158703682444068,1.0000000000000009,1.0099800000000008,14.653146254227321,5.0,-0.8483433572865411,3.86,20.328551350256124
ADSCA,1,10,2,10768,200000,200002,3977,1102,0,300.0000000000008,7.958078640513123e-13,100.0,100.0,400.9,13.072172943628516,1.1530337553455052,1.0000000000000009,1.0099934490496978,15.70104916695669,5.0,-0.7750714449015389,3.77,27.26958745562536
ADPSO,7,10,1,11367,200000,200037,3961,1937,0,2020.5036094497464,20.503609449746364,100.0,100.0,102.0,1.2818892534532342,1.1748953431736404,1.0000000000000009,1.0099900000000006,0.007366279909023616,5.0,-0.7757250240372257,119.81,23.8420133378035
ADPSO,7,10,0,11366,200000,200024,3961,1924,0,2020.5001551828616,20.500155182861818,100.0,100.0,103.0,1.29319955406912,1.2699813304458598,1.0000000000000009,1.0099800000000008,0.008736789677656084,6.0,-0.7485829113087467,119.88,25.80561954303752
ADPSO,7,10,2,11368,200000,200027,3961,1927,0,2021.017595992439,21.017595992439052,100.0,100.0,103.0,1.2870140612076095,1.4673209092229933,1.0000000000000009,1.0099700000000007,0.00907682361069087,4.0,-0.8285753269003691,119.84,23.54991295100685
ADSCA,1,20,0,20766,500000,500045,9921,3945,0,300.0000000000001,1.1368683772161605e-13,100.0,100.0,164.5999999999999,6.798467645442733,0.9207363264849342,1.0000000000000009,1.00998097829667,18.79684591786211,4.0,-0.6817227175030325,9.61,31.60569568922665
ADSCA,2,10,0,10866,200000,200000,3967,1600,0,400.2498938797898,0.2498938797897949,100.0,100.0,145.0,6.771606771606772,1.4854225485253338,1.0000000000000009,1.0099800000000008,13.315347504507208,5.0,-0.8253773198261356,4.66,23.161899749372893
ADSCA,2,10,1,10867,200000,200029,3983,829,0,434.94980412958466,34.94980412958472,169.0,215.0,303.0,3.6087858220211175,1.1006712181778588,1.000012072056251,1.0099999332661098,4.779280402962618,7.0,-0.7076905553184083,4.6,27.433726961534045
ADSCA,1,20,1,20767,500000,500015,9919,4015,0,300.0000000000001,1.1368683772161605e-13,100.0,100.0,142.0,6.356254856254855,1.3673259001900446,1.0000000000000009,1.009989526368439,13.8181019669636,6.0,-0.7778185403425665,9.51,27.498974526334614
ADSCA,1,20,2,20768,500000,500002,9917,4102,0,300.0000000000001,1.1368683772161605e-13,100.0,100.0,115.90000000000008,5.774923465992278,1.0227393460308565,1.0000000000000009,1.0099850704249036,17.087620070410086,6.0,-0.8114800586746944,9.47,25.71403507814361
ADSCA,2,10,2,10868,200000,200006,3975,1206,0,485.8131642002471,85.81316420024706,111.0,122.0,267.0,7.74070676626043,1.1244644701023183,1.000002146908863,1.009994633264368,10.452891444576236,5.0,-0.7583330706698793,4.68,26.33627167690681
ADPSO,12,10,0,11866,200000,200008,3961,1908,0,2866.5275824434602,166.52758244345978,100.0,100.0,100.0,1.282051282051281,1.7164166662697145,1.0000000000000009,1.0098800000000008,4.573959144364396,5.0,-0.8698306523452479,46.0,11.243913909311118
ADPSO,12,10,2,11868,200000,200000,3960,1950,0,2866.5652237871973,166.56522378719728,100.0,100.0,100.0,1.282051282051281,3.935268065268065,1.0000000000000009,1.0099200000000006,3.8144760652376015,3.0,-0.8649803660537124,46.16,3.876544853345566
ADPSO,12,10,1,11867,200000,200003,3961,1903,0,2865.9147466872523,165.91474668725232,100.0,100.0,105.0,1.3171245910167422,1.1585568329573823,1.0000000000000009,1.0099600000000006,0.08182389058399826,5.0,-0.8120403887798271,46.28,33.781207793683166
ADSCA,3,10,0,10966,200000,200000,3961,1900,0,600.0000000000001,1.1368683772161605e-13,100.0,100.0,100.0,1.2818892534532342,3.15505999282478,1.0000000000000009,1.0099900000000006,6.904544753635162,3.0,-0.8746652019928537,8.53,12.453513560437473
ADSCA,2,20,0,20866,500000,500009,9947,2609,0,445.4874469919798,45.487446991979816,110.0,143.0,336.0,6.525011004764187,1.0926351209898468,1.0000000000000009,1.0099994966985508,7.7420462236581615,6.0,-0.6745338558685927,11.65,27.577288502787443
ADSCA,2,20,1,20867,500000,500006,9962,1856,0,465.3554409068499,65.35544090684988,195.0,265.0,335.0,2.3270944741532977,1.0701575469542883,1.0000097970496975,1.0099783825327342,3.17843646265224,6.0,-0.6415327139489507,11.77,28.15655208354472
ADSCA,2,20,2,20868,500000,500021,9926,3671,0,449.0899257437738,49.089925743773854,100.0,100.0,261.0,7.010217240902174,1.1194031968410425,1.0000000000000009,1.0099960422652423,13.983760532751436,6.0,-0.7434132364304182,11.79,28.55120781620386
ADSCA,3,10,1,10967,200000,200042,3961,1942,0,600.0000000000001,1.1368683772161605e-13,100.0,100.0,100.0,1.282051282051281,2.9958165751504566,1.0000000000000009,1.0099600000000006,6.724265495918161,3.0,-0.8648304098408346,8.88,5.292296288002024
ADSCA,3,10,2,10968,200000,200000,3961,1900,0,600.0000000000001,1.1368683772161605e-13,100.0,100.0,100.0,1.282051282051281,4.090849466508989,1.0000000000000009,1.0094721179772406,5.352381526486956,4.0,-0.8680160585494509,8.5,4.657252408878008
ADSCA,4,10,0,11066,200000,200000,3960,1950,0,882.0,82.0,100.0,100.0,100.0,1.282051282051281,3.547575757575757,1.0000000000000009,1.005139220846749,6.043500904181457,3.0,-0.8706544720120829,12.73,4.100926724534346
ADSCA,4,10,1,11067,200000,200000,3960,1950,0,884.5,84.5,100.0,100.0,100.0,1.282051282051281,6.1475757575757575,1.0000000000000009,1.0097807086815496,2.668217908555811,1.0,-0.868981656580506,12.76,2.4703036250631216
ADSCA,4,10,2,11068,200000,200029,3961,1929,0,858.0,58.0,100.0,100.0,100.0,1.282051282051281,2.7556145199521156,1.0000000000000009,1.0081207830600036,7.0893076716568935,3.0,-0.8777361777777983,12.6,6.026242610449732
ADSCA,3,20,0,20966,500000,500000,9903,4800,0,600.0000000000001,1.1368683772161605e-13,100.0,100.0,100.0,1.048484848484848,1.981548394425931,1.0000000000000009,1.0099900000000006,9.680575725955268,4.0,-0.8753568791306313,21.43,8.678801760611888
ADPSO,11,20,0,21766,500000,500048,9904,4798,0,2600.000001426569,1.4265688150771894e-06,100.0,100.0,100.0,0.9792885082589128,1.1895801192069126,1.0000000000000009,1.0098400978482556,4.947014986340591,4.0,-0.8670713733864768,106.39,23.20858461862765
ADSCA,3,20,1,20967,500000,500048,9903,4848,0,600.0000000000001,1.1368683772161605e-13,100.0,100.0,100.0,0.9353222628764424,2.2988177150038536,1.0000000000000009,1.0099923619113558,8.039169619922646,4.0,-0.8817022461762951,21.78,27.90638636584823
ADSCA,3,20,2,20968,500000,500010,9903,4810,0,600.0000000000001,1.1368683772161605e-13,100.0,100.0,100.0,0.9867560799341164,1.8926669777926965,1.0000000000000009,1.0099974205460054,10.422890161303807,6.0,-0.8794212344740993,21.51,29.16442353279077
ADSCA,5,10,0,11166,200000,200000,3961,1900,0,900.1790565057378,0.1790565057377762,100.0,100.0,100.0,1.6087196012008038,1.832954729666884,1.0000000000000009,1.0099900000000006,9.841912341180509,4.0,-0.8756832287081655,6.61,33.348727112140274
ADSCA,5,10,1,11167,200000,200000,3961,1900,0,900.0895282566001,0.08952825660014696,100.0,100.0,100.0,1.282051282051281,3.4992705191405684,1.0000000000000009,1.0099900000000006,5.877975029952992,3.0,-0.8634997801253843,6.63,5.632796818632818
ADSCA,5,10,2,11168,200000,200049,3963,1849,0,900.908648040641,0.9086480406409692,100.0,100.0,110.0,2.5128205128205128,2.2381395130484294,1.0000000000000009,1.0099900000000006,7.810523237735902,3.0,-0.8831797026499699,6.88,8.968411230535764
ADSCA,6,10,0,11266,200000,200001,3974,1251,0,17554.415270726273,15754.415270726273,115.0,134.0,238.0,5.853438228438228,1.1951958312564843,1.0000382179688363,1.0099825602714294,16.829929638613674,5.0,-0.8278119330095179,8.86,26.208422775656615
ADPSO,8,10,0,11466,200000,200024,3961,1924,0,2221.760174509008,21.760174509007808,100.0,100.0,104.0,1.281239857189224,1.3333908938554233,1.0000000000000009,1.0099900000000006,0.009358866260971252,6.0,-0.7906711612450823,169.6,21.473704850351275
ADSCA,6,10,1,11267,200000,200000,3973,1300,0,7231.026480463568,5431.026480463568,115.0,131.0,200.1000000000001,5.482594268476621,1.1727913415554994,1.0000015762152443,1.009994883729669,18.250247132545,5.0,-0.7793179681684075,8.9,25.51119091061812
ADSCA,4,20,0,21066,500000,500000,9902,4850,0,1034.0,234.0,100.0,100.0,100.0,0.9173175049463708,1.6648391348618519,1.0000000000000009,1.0099900000000006,10.98162878375492,4.0,-0.8767819655115351,32.05,11.322261258246959
ADPSO,8,10,2,11468,200000,200020,3961,1920,0,2221.715164790965,21.71516479096499,100.0,100.0,105.0,1.2873909036699724,1.2048572540604228,1.0000000000000009,1.0099800000000008,0.007842595679843831,6.0,-0.7708412838898079,168.89,23.13062039807839
ADPSO,8,10,1,11467,200000,200010,3961,1910,0,2207.2956654127006,7.2956654127005995,100.0,100.0,106.0,1.2840666149216324,1.2413587451473858,1.0000000000000009,1.0099800000000008,0.009042065715421382,4.0,-0.6792217833005249,169.97,23.46641003647554
ADSCA,5,20,0,21166,500000,500038,9904,4788,0,902.6297335267328,2.6297335267329345,100.0,100.0,100.0,1.2643881893934126,1.5742030763500026,1.0000000000000009,1.0099800000000008,10.828118791852667,7.0,-0.8788045828514972,16.96,35.622964503252675
ADSCA,5,20,1,21167,500000,500000,9904,4750,0,902.7192686281546,2.719268628154623,100.0,100.0,106.0,1.2471493886230736,1.6328168523084772,1.0000000000000009,1.0099900000000006,8.991201142793921,6.0,-0.8868388219513093,17.0,14.133944955319446
ADSCA,5,20,2,21168,500000,500000,9904,4750,0,902.4439944543452,2.443994454345216,100.0,100.0,100.0,1.2143072833599156,1.5873431680979506,1.0000000000000009,1.0099900000000006,10.49241537085751,5.0,-0.8665609857767828,17.16,10.825229789708855
ADSCA,6,10,2,11268,200000,200027,3975,1227,0,14638.10322143463,12838.10322143463,112.0,137.0,242.0,7.233998579086741,1.1640183912287985,1.000023217660194,1.009999854042139,16.989932087793697,5.0,-0.8156910269057538,9.05,25.17709998463611
ADSCA,4,20,2,21068,500000,500000,9901,4900,0,1083.5,283.5,100.0,100.0,100.0,0.5050505050505054,2.5451004948995046,1.0000000000000009,1.0099932572193435,1.2350813612021985,5.0,-0.8798691812166646,32.05,7.133274143056609
ADSCA,4,20,1,21067,500000,500047,9902,4897,0,1074.0,274.0,100.0,100.0,100.0,0.5065603966972154,2.301246786611715,1.0000000000000009,1.0099900000000006,7.931549087070532,3.0,-0.8862696206217231,32.2,22.431192567494037
ADPSO,11,20,1,21767,500000,500000,9902,4850,0,2600.0000011895245,1.1895244824700058e-06,100.0,100.0,100.0,0.8451525564927628,1.584839134861853,1.0000000000000009,1.0099883222814436,4.212774306509258,5.0,-0.8804306835322915,106.06,13.979642341633781
ADPSO,11,20,2,21768,500000,500003,9902,4853,0,2600.0000011786715,1.1786714821937494e-06,100.0,100.0,100.0,0.7945156428256178,1.1095260859118723,1.0000000000000009,1.0099869379950093,4.37550415894139,3.0,-0.8830339638180222,106.67,18.42611190674799
ADSCA,6,20,0,21266,500000,500002,9912,4352,0,56286.857054805565,54486.857054805565,100.0,104.0,119.0,2.9222152560083607,1.3173700624317524,1.0000000000000009,1.0099800000000008,14.916529992473462,4.0,-0.8528616125364671,22.35,21.971067610151216
ADSCA,6,20,1,21267,500000,500046,9912,4396,0,48937.930762492324,47137.930762492324,102.0,105.0,115.0,2.6239555343726764,1.227561779326866,1.0000000000000009,1.0099700000000007,15.025960265191419,4.0,-0.8058333307784312,22.73,24.03833181343804
ADSCA,6,20,2,21268,500000,500047,9910,4497,0,56027.64320013391,54227.64320013391,100.0,103.0,113.0,2.2589311000525965,1.2364538798934688,1.0000000000000009,1.0099700000000007,14.82424565762032,5.0,-0.8082252694665518,23.16,23.99161189976578
ADPSO,12,20,0,21866,500000,500044,9902,4894,0,2946.107785533796,246.1077855337953,100.0,100.0,100.0,0.5122690519256337,2.001465444312992,1.0000000000000009,1.0099800000000008,4.6178438928765315,5.0,-0.8864015378583587,116.79,32.38409486152114
ADPSO,12,20,1,21867,500000,500000,9902,4850,0,2943.931791482501,243.93179148250098,100.0,100.0,100.0,0.6797917317504948,1.7761793410474191,1.0000000000000009,1.0099400000000007,4.9051187820327184,4.0,-0.8798237393826089,116.53,12.090343254018887
ADPSO,12,20,2,21868,500000,500043,9902,4893,0,2940.036488508018,240.036488508018,100.0,100.0,100.0,0.5111098719767704,1.5448927591768635,1.0000000000000009,1.009931383755338,6.323969554835366,5.0,-0.8916479212865787,116.95,33.39715556750305
ADSCA,9,10,0,11566,200000,200002,3976,1152,0,2746.9955241991565,446.9955241991565,116.0,142.0,258.0,5.842991682133772,1.090469902749832,1.0000008403143894,1.009996040440016,4.8610743919853965,5.0,-0.7373553870753787,27.1,26.519615381826334
ADSCA,9,10,1,11567,200000,200011,3972,1361,0,2663.345754588705,363.3457545887049,113.0,126.0,187.0,4.201195295932139,1.0629355895382298,1.0000197950348046,1.0099851238396518,6.421685786369998,5.0,-0.6669882064153827,26.78,27.500464823651022
ADSCA,9,10,2,11568,200000,200022,3965,1722,0,2745.605473976968,445.60547397696786,100.0,100.0,135.0,4.834918909123856,1.5204037066492084,1.0000000000000009,1.0099900000000006,10.25171971687162,3.0,-0.8729967210483621,26.89,17.91428480291636
ADSCA,10,10,0,11666,200000,200000,3965,1700,0,2630.405836572989,230.4058365729893,100.0,102.0,138.0,4.867222737102254,1.5041896001780286,1.0000000000000009,1.0099900000000006,11.137829516041277,6.0,-0.8712095133810037,25.97,32.34439243860089
ADSCA,10,10,1,11667,200000,200000,3963,1800,0,2625.138821640172,225.13882164017195,100.0,100.0,102.0,3.8124095618452274,1.466909748507023,1.0000000000000009,1.0099900000000006,11.224266993027172,5.0,-0.8791959391601937,25.44,40.92622142343463
ADSCA,9,20,0,21566,500000,500038,9934,3288,0,2643.749627807129,343.74962780712934,109.0,129.0,234.0,4.1051172069209345,1.028504553410171,1.0000000000000009,1.0099982199401265,7.356497984794181,5.0,-0.6198086540512499,68.07,28.085774888362558
ADSCA,9,20,1,21567,500000,500025,9928,3575,0,2641.348071391696,341.3480713916956,103.0,115.0,214.0,4.878410191314323,1.0662010390898389,1.0000000000000009,1.0099934447256096,9.463221489704024,5.0,-0.6901637310367771,68.4,27.7439434832181
ADSCA,7,10,0,11366,200000,200007,3967,1607,0,2024.0716959171039,24.071695917103625,100.0,100.0,175.20000000000027,5.271216140181656,1.4847648670919025,1.0000000000000009,1.0099660137353814,13.48917778059706,3.0,-0.881576112335675,120.82,22.176534928691932
ADSCA,7,10,1,11367,200000,200013,3965,1713,0,2030.2074795778478,30.20747957784761,100.0,100.0,151.0,4.433530571992108,1.3023538566072514,1.0000000000000009,1.009986261153036,14.712837839677926,5.0,-0.8179565334618736,121.46,29.93395396535513
ADSCA,7,10,2,11368,200000,200042,3966,1692,0,2029.8080882521008,29.808088252101246,100.0,100.0,146.0,4.308065268065268,1.3736100828674942,1.0000000000000009,1.0099700000000007,13.696437649111497,5.0,-0.8696334370693192,121.54,16.083842824399895
ADSCA,9,20,2,21568,500000,500003,9926,3653,0,2639.357213503756,339.3572135037557,100.0,108.0,223.80000000000015,5.24434784781034,1.0584753951758756,1.0000000000000009,1.0099985444403103,11.292253331144348,5.0,-0.7290414588772219,68.9,27.37182752665156
ADSCA,10,10,2,11668,200000,200007,3962,1857,0,2768.779878183898,368.7798781838978,100.0,100.0,100.0,2.5641025641025648,2.2415827311532794,1.0000000000000009,1.0099900000000006,10.629584723679116,4.0,-0.8881700642729851,25.73,8.941230340394995
ADSCA,11,10,0,11766,200000,200044,3964,1794,0,2600.000000000001,1.3642420526593924e-12,100.0,100.0,104.0,4.506490842490844,1.5262451247402764,1.0000000000000009,1.0099900000000006,13.267541952767358,6.0,-0.8715628502083405,42.99,14.267109027409862
ADSCA,11,10,1,11767,200000,200018,3965,1718,0,2621.4796818703985,21.479681870398508,100.0,100.0,105.0,5.098051644255292,1.7471510759894129,1.0000000000000009,1.00999104254244,13.052912475782922,5.0,-0.8717607731402682,43.2,16.452707983794035
ADSCA,11,10,2,11768,200000,200000,3963,1800,0,2600.000000000001,1.3642420526593924e-12,100.0,100.0,102.0,3.9196639537936466,1.641354192951468,1.0000000000000009,1.0099900000000006,11.871064341290376,5.0,-0.8732760068868283,43.56,27.25065870763494
ADSCA,10,20,0,21666,500000,500000,9907,4600,0,5373.58264143938,2973.582641439379,100.0,100.0,100.0,2.6697013614404903,1.7722035802528733,1.0000000000000009,1.0099800000000008,13.07763440150908,7.0,-0.8866442506363729,65.65,16.539758160263407
ADSCA,8,10,1,11467,200000,200046,3964,1796,0,2232.3954623704767,32.395462370476714,100.0,100.0,131.5,3.2961677576183566,1.5658532583900986,1.0000000000000009,1.0099535509770852,12.143788069675116,5.0,-0.8557961415867535,170.12,17.859182512086043
ADSCA,8,10,2,11468,200000,200000,3965,1700,0,2696.321195838644,496.32119583864375,100.0,102.0,140.0,3.6007023279750547,1.5500719531192049,1.0000000000000009,1.0099700000000007,12.751203173139606,4.0,-0.8710250635925841,170.69,21.297678911865425
ADSCA,8,10,0,11466,200000,200000,3963,1800,0,2333.945110237805,133.94511023780524,100.0,100.0,127.0,2.5375150576492853,2.465798637395912,1.0000000000000009,1.0099678441798243,8.664391909972661,4.0,-0.8664539373866349,172.29,7.590125163658372
ADSCA,10,20,1,21667,500000,500047,9909,4547,0,5049.5554032010305,2649.5554032010314,100.0,100.0,121.0,2.2814939353908965,1.2717158293539164,1.0000000000000009,1.0099936906179214,15.591013155535604,4.0,-0.8593166894270221,66.41,22.409007117674804
ADSCA,10,20,2,21668,500000,500032,9910,4482,0,4438.87145071914,2038.87145071914,100.0,103.0,123.0,2.0369948364576835,1.3687915919761569,1.0000000000000009,1.0099900997435147,13.641680700164276,5.0,-0.876888874045945,65.73,22.92902215562222
ADSCA,12,10,0,11866,200000,200000,3961,1900,0,2870.5353494256537,170.53534942565375,100.0,100.0,100.0,1.6710865865041458,1.7961126244037262,1.0000000000000009,1.0099900000000006,11.845619871410443,4.0,-0.8686599668871727,45.94,39.511395824496
ADSCA,12,10,1,11867,200000,200000,3962,1850,0,2871.665042062033,171.6650420620331,100.0,100.0,112.10000000000014,2.5018009937499115,1.9254965414682732,1.0000000000000009,1.0099834324986876,10.498123854410679,4.0,-0.8604393526904309,45.68,15.078846109699507
ADSCA,12,10,2,11868,200000,200000,3962,1850,0,2870.757516739904,170.7575167399041,100.0,100.0,105.0,2.5140706016052268,1.7698208657925976,1.0000000000000009,1.0099900000000006,11.491431111126804,5.0,-0.8784972471286717,45.29,20.28083824697589
ADSCA,11,20,0,21766,500000,500005,9919,4005,0,2600.000000000007,6.821210263296963e-12,100.0,100.0,193.0,5.075302575302575,1.2494129792140305,1.0000000000000009,1.0099981909990643,13.808386616707423,5.0,-0.756366073646515,105.15,24.727223863588083
ADSCA,11,20,1,21767,500000,500029,9913,4329,0,2600.0000000000023,2.273736754432321e-12,100.0,100.0,144.20000000000027,3.9856361997729337,1.3440814970119923,1.0000000000000009,1.0099900000000006,14.354704371434073,3.0,-0.8486965700666693,99.78,32.27293603005465
ADSCA,11,20,2,21768,500000,500023,9914,4273,0,2600.000000000004,3.637978807091713e-12,100.0,100.0,122.0,4.430020524342439,1.0342402418817276,1.0000000000000009,1.0099800000000008,15.450650060894107,5.0,-0.8091296673006797,99.17,29.85180061570826
ADSCA,12,20,0,21866,500000,500036,9907,4636,0,3071.530002022065,371.5300020220657,100.0,100.0,108.0,1.8519202395606889,1.475533810424872,1.0000000000000009,1.0099900000000006,13.35740079448336,5.0,-0.8848913833687695,103.17,33.3730935754119
ADSCA,12,20,1,21867,500000,500031,9910,4481,0,3221.167719806001,521.1677198060015,100.0,100.0,119.0,3.3034576795490165,1.335601061190978,1.0000000000000009,1.0099918909319288,14.567310957560274,5.0,-0.8714073989928786,103.31,35.92881851661699
ADSCA,12,20,2,21868,500000,500020,9907,4620,0,3116.38626257737,416.38626257737,100.0,100.0,123.0,1.9423018391151932,1.1314985643541209,1.0000000000000009,1.0099700000000007,17.044767639972697,5.0,-0.8235819040342341,102.58,33.07375999187271
ADPSO,7,20,0,21366,500000,500000,9904,4750,0,2026.9310258384467,26.931025838446654,100.0,100.0,111.0,0.5807346692116021,1.012606325992688,1.0000000000000009,1.0099900000000006,0.01132153881279332,5.0,-0.6673694746830234,503.94,26.83123346444178
ADPSO,7,20,1,21367,500000,500027,9904,4777,0,2025.1664539896365,25.166453989636466,100.0,100.0,109.0,0.5565777193684169,1.0619442777944803,1.0000000000000009,1.0099890660493276,0.005539065128093826,4.0,-0.6621690665805607,505.6,27.23236309981196
ADPSO,7,20,2,21368,500000,500012,9903,4812,0,2026.571854925322,26.571854925321983,100.0,100.0,106.0,0.5773931373598802,1.0099303644352715,1.0000000000000009,1.0099900000000006,0.00542491765700239,6.0,-0.6940571833220515,509.36,27.2262344146019
ADSCA,7,20,0,21366,500000,500005,9938,3055,0,2521.672434902031,521.672434902031,128.0,157.0,200.0,2.6498128273859938,1.077536800174173,1.0000043964081604,1.009996684651821,17.26674678254143,5.0,-0.6702420699523544,428.63,28.110493089945848
ADSCA,7,20,2,21368,500000,500010,9933,3310,0,2359.873310127566,359.8733101275661,107.0,135.0,204.0,3.951323158950277,1.0969788215484837,1.0000000000000009,1.0099989797870172,17.15115683439339,6.0,-0.6902998675902389,428.57,26.890173483806542
ADSCA,7,20,1,21367,500000,500044,9934,3294,0,2234.044170492412,234.04417049241192,106.0,137.0,208.0,3.3183340251833404,1.116498947699626,1.0000000000000009,1.0099957200502467,16.971316988260504,5.0,-0.6995291228838191,430.44,27.655494732311134
ADPSO,8,20,0,21466,500000,500041,9905,4741,0,2231.4605124996133,31.46051249961329,100.0,100.0,111.0,0.5807057920981973,0.965562934356028,1.0000000000000009,1.0099872191880623,0.003973260304599461,4.0,-0.704461838442979,630.85,27.113614489571404
ADPSO,8,20,1,21467,500000,500004,9904,4754,0,2233.84650799723,33.84650799723022,100.0,100.0,110.0,0.6153198653198654,1.0791000419339074,1.0000000000000009,1.0099900000000006,0.0041028779441203535,5.0,-0.6668865770318273,628.95,28.678912731775327
ADPSO,8,20,2,21468,500000,500038,9906,4688,0,2242.093743041677,42.093743041677044,100.0,100.0,114.0,0.5949637217242856,1.0335774023258903,1.0000000000000009,1.0099849589309415,0.004431071324209371,4.0,-0.6984801312863791,628.55,27.685224465564218
ADSCA,8,20,0,21466,500000,500030,9919,4030,0,2682.632061326126,482.632061326126,100.0,114.0,156.0,2.625387557426392,1.118771077989782,1.0000000000000009,1.009997698020499,15.736810024511987,5.0,-0.7494997084789717,539.72,26.47625138698378
ADSCA,8,20,2,21468,500000,500040,9920,3990,0,3046.5916644629383,846.5916644629377,100.0,114.0,158.0,2.7951535429578094,1.1215917818740395,1.0000000000000009,1.0099967420042175,15.730656258376314,4.0,-0.6548968461788116,537.68,26.763581262564976
ADSCA,8,20,1,21467,500000,500035,9918,4085,0,3015.173848503541,815.1738485035415,100.0,111.0,153.0,2.3867958644810043,1.114438394837669,1.0000000000000009,1.0099932421405666,16.876556415693823,5.0,-0.7438410289351992,542.08,25.922325168641034
