algo,func_id,dim,contrast,med_T,med_100,delta,wilcoxon_p
ADPSO,1,10,T25_vs_T100,6.799889484909727e-05,1e-10,5.832501854399781,1.7343976283205784e-06
ADPSO,1,10,T200_vs_T100,1e-10,1e-10,0.0,
ADPSO,1,20,T25_vs_T100,0.0002252047965214388,1e-10,6.352577636093206,1.7343976283205784e-06
ADPSO,1,20,T200_vs_T100,1e-10,1e-10,0.0,
ADPSO,2,10,T25_vs_T100,4.196525725359095,4.0903551403445135,0.011128872990951222,0.00030649986921763576
ADPSO,2,10,T200_vs_T100,4.0726441871937595,4.0903551403445135,-0.0018845478196247445,0.047732954011725455
ADPSO,2,20,T25_vs_T100,49.08450436346084,49.08447897955304,2.24594178528008e-07,0.02702915661831454
ADPSO,2,20,T200_vs_T100,49.084478979481496,49.08447897955304,-6.330327654193667e-13,0.009842142401693147
ADPSO,3,10,T25_vs_T100,2.7530404622666538e-09,1e-10,1.4398125943973252,1.7343976283205784e-06
ADPSO,3,10,T200_vs_T100,1e-10,1e-10,0.0,
ADPSO,3,20,T25_vs_T100,1.2274199434614275e-08,1e-10,2.0889931755430586,1.7343976283205784e-06
ADPSO,3,20,T200_vs_T100,1e-10,1e-10,0.0,
ADPSO,4,10,T25_vs_T100,20.00000076548895,19.00000000000017,0.022276411333529346,0.7498711559507313
ADPSO,4,10,T200_vs_T100,20.0,19.00000000000017,0.02227639471114836,0.7374677349866642
ADPSO,4,20,T25_vs_T100,83.00002090231618,81.00000000000142,0.010593182868012113,0.1470395786434527
ADPSO,4,20,T200_vs_T100,74.0,81.00000000000142,-0.03925329914768118,0.6732798065233047
ADPSO,5,10,T25_vs_T100,1.1538742228367481e-07,1e-10,3.062158471467041,0.0024147041360347552
ADPSO,5,10,T200_vs_T100,1e-10,1e-10,0.0,0.31731050786291415
ADPSO,5,20,T25_vs_T100,0.2685853124860387,0.2685847512497048,9.075034492321398e-07,0.9917945644340904
ADPSO,5,20,T200_vs_T100,0.36145438492042103,0.2685847512497048,0.12897214547795854,0.7342847273289106
ADPSO,6,10,T25_vs_T100,10590.97509230437,5995.274081522073,0.24712690446229102,0.013974564120258317
ADPSO,6,10,T200_vs_T100,5144.604059350794,5995.274081522073,-0.06645708613419431,0.3933343721992797
ADPSO,6,20,T25_vs_T100,79214.52390159278,71425.9694717461,0.04494867252063521,0.0001149921754357011
ADPSO,6,20,T200_vs_T100,65271.20154242901,71425.9694717461,-0.039134536353729814,7.690859302848516e-06
ADPSO,7,10,T25_vs_T100,21.109577274266144,20.968214054258734,0.0029180950535792035,0.7498711559507313
ADPSO,7,10,T200_vs_T100,20.959100860075978,20.968214054258734,-0.00018879386941413886,0.6883592982254604
ADPSO,7,20,T25_vs_T100,27.96324171371782,26.27216190646549,0.027091704885697298,0.06564114341025874
ADPSO,7,20,T200_vs_T100,26.597353331555162,26.27216190646549,0.005342610837524232,0.6143145637885868
ADPSO,8,10,T25_vs_T100,21.138234744036936,21.050487650049718,0.001806555473094154,0.6732798065233047
ADPSO,8,10,T200_vs_T100,20.917245607921586,21.050487650049718,-0.0027576651674718444,0.6435165948165775
ADPSO,8,20,T25_vs_T100,28.74778657457136,31.40251335402991,-0.038359997001905746,0.016565526979430395
ADPSO,8,20,T200_vs_T100,30.35450566739155,31.40251335402991,-0.014741244323002164,0.8612125197358381
ADPSO,9,10,T25_vs_T100,359.0943517981325,359.094344780395,8.487364660429404e-09,3.1123151153729114e-05
ADPSO,9,10,T200_vs_T100,359.0943447803602,359.094344780395,-4.2092893915053025e-14,1.7333066441991056e-06
ADPSO,9,20,T25_vs_T100,335.6387785079985,335.6387702716745,1.0657261104975931e-08,3.1123151153729114e-05
ADPSO,9,20,T200_vs_T100,335.63877027157787,335.6387702716745,-1.2502505603865166e-13,0.002764557345029927
ADPSO,10,10,T25_vs_T100,221.12207504346839,221.45770345893607,-0.0006586907212195259,0.517047890994101
ADPSO,10,10,T200_vs_T100,221.3465913289201,221.45770345893607,-0.0002179535588035288,0.5375556572359648
ADPSO,10,20,T25_vs_T100,405.5298361364023,405.4532714992349,8.200318654348492e-05,0.7343252914391281
ADPSO,10,20,T200_vs_T100,416.5658937868277,405.4532714992349,0.011742900350879937,0.3600388294588497
ADPSO,11,10,T25_vs_T100,0.0035811118414130765,9.203351964970352e-07,3.590071853515638,0.011748106348302898
ADPSO,11,10,T200_vs_T100,1e-10,9.203351964970352e-07,-3.963946031123761,3.789619441580871e-06
ADPSO,11,20,T25_vs_T100,0.004833434964666594,1.612959522390156e-06,3.476632410603736,0.028485956184747342
ADPSO,11,20,T200_vs_T100,1e-10,1.612959522390156e-06,-4.20762346880051,0.0014839276312951777
ADPSO,12,10,T25_vs_T100,165.91744309263777,165.95166006457225,-8.955483960315969e-05,0.024307541573260996
ADPSO,12,10,T200_vs_T100,165.95135086357186,165.95166006457225,-8.091778853815981e-07,0.7655192919016102
ADPSO,12,20,T25_vs_T100,244.72813119984107,243.86924676776403,0.0015268569602346444,0.6288430020541073
ADPSO,12,20,T200_vs_T100,244.33673936155148,243.86924676776403,0.0008317371012915299,0.09367559653193051
ADSCA,1,10,T25_vs_T100,1e-10,1e-10,0.0,0.007685794055213263
ADSCA,1,10,T200_vs_T100,0.0018258153962733559,1e-10,7.261456864965695,1.7343976283205784e-06
ADSCA,1,20,T25_vs_T100,1e-10,1e-10,0.0,
ADSCA,1,20,T200_vs_T100,1e-10,1e-10,0.0,0.017960477526078766
ADSCA,2,10,T25_vs_T100,4.39743397100753,8.916101927782648,-0.30697569754122317,0.00013594767036744938
ADSCA,2,10,T200_vs_T100,8.916102189278263,8.916101927782648,1.2737191863962343e-08,0.0019645813713265476
ADSCA,2,20,T25_vs_T100,49.08458499274417,49.531817784839006,-0.003939143182145043,0.051930665029697155
ADSCA,2,20,T200_vs_T100,63.517701863678184,49.531817784839006,0.1080105098843954,0.0001477276174888222
ADSCA,3,10,T25_vs_T100,1e-10,1e-10,0.0,
ADSCA,3,10,T200_vs_T100,1e-10,1e-10,0.0,
ADSCA,3,20,T25_vs_T100,1e-10,1e-10,0.0,
ADSCA,3,20,T200_vs_T100,1e-10,1e-10,0.0,
ADSCA,4,10,T25_vs_T100,51.0,54.0,-0.024823583725032152,0.3104944343172349
ADSCA,4,10,T200_vs_T100,54.0,54.0,0.0,
ADSCA,4,20,T25_vs_T100,213.5,226.25,-0.02519070851619825,0.466427310525936
ADSCA,4,20,T200_vs_T100,228.0,226.25,0.0033462591232128274,0.15476920527702331
ADSCA,5,10,T25_vs_T100,0.454324018591592,0.4990893802742562,-0.04081263183925617,0.028485956184747342
ADSCA,5,10,T200_vs_T100,0.45444938440550686,0.4990893802742562,-0.040692809491092455,0.02702915661831454
ADSCA,5,20,T25_vs_T100,2.264937326449399,2.354465894403404,-0.01683621479269638,0.7035636998700077
ADSCA,5,20,T200_vs_T100,2.30970944138528,2.354465894403404,-0.008335054239963726,0.4048347221574208
ADSCA,6,10,T25_vs_T100,6334.532218306762,6981.225224762554,-0.04221709985366061,0.6288430020541073
ADSCA,6,10,T200_vs_T100,6488.729138651507,6981.225224762554,-0.031772003594905604,0.06268281249957977
ADSCA,6,20,T25_vs_T100,37557.457797710114,38507.36902479456,-0.010847659013130187,0.6883592982254604
ADSCA,6,20,T200_vs_T100,39729.29834479133,38507.36902479456,0.013567048165351847,0.4405215911492053
ADSCA,7,10,T25_vs_T100,22.5240201041197,31.832932895036155,-0.15023074744212733,2.878599219394298e-06
ADSCA,7,10,T200_vs_T100,33.1292614108562,31.832932895036155,0.017335100011347825,0.038723026479358956
ADSCA,7,20,T25_vs_T100,171.14092523111572,293.56245363035555,-0.2343466333629598,2.1630223983536902e-05
ADSCA,7,20,T200_vs_T100,321.4090372501689,293.56245363035555,0.03935757498838656,0.01319416986541395
ADSCA,8,10,T25_vs_T100,135.82929355119882,151.42683085698127,-0.04720939136261387,0.00013594767036744938
ADSCA,8,10,T200_vs_T100,173.81562244589077,151.42683085698127,0.05988597470638687,0.0009626589290659114
ADSCA,8,20,T25_vs_T100,236.77195215275333,499.23003085455116,-0.32397044729577396,1.7343976283205784e-06
ADSCA,8,20,T200_vs_T100,602.6849526764422,499.23003085455116,0.08178964634986163,0.001832579947170524
ADSCA,9,10,T25_vs_T100,367.08778938593946,369.84894949704267,-0.003254450886105379,0.0014302832356022808
ADSCA,9,10,T200_vs_T100,371.8291596927929,369.84894949704267,0.0023190556491695185,1.7343976283205784e-06
ADSCA,9,20,T25_vs_T100,336.7297715361494,341.5655287999075,-0.00619251902993084,1.7343976283205784e-06
ADSCA,9,20,T200_vs_T100,348.184198385635,341.5655287999075,0.008335022966405486,1.9209211049031396e-06
ADSCA,10,10,T25_vs_T100,235.76764456013916,236.6000893410021,-0.001530699593255517,0.6732607445537196
ADSCA,10,10,T200_vs_T100,232.11544254872138,236.6000893410021,-0.008310869425566482,0.4528065046691958
ADSCA,10,20,T25_vs_T100,2497.568955658629,2507.637784955399,-0.001747317594711834,0.19151036371839925
ADSCA,10,20,T200_vs_T100,2515.289841606723,2507.637784955399,0.0013232317074217837,0.09166894380390732
ADSCA,11,10,T25_vs_T100,1e-10,1e-10,0.0,0.5939546753269146
ADSCA,11,10,T200_vs_T100,1.5248285762936575e-06,1e-10,4.183221022335672,0.00035888445044696013
ADSCA,11,20,T25_vs_T100,1e-10,1e-10,0.0,0.10880943004054568
ADSCA,11,20,T200_vs_T100,8.251777217083145e-08,1e-10,2.916547494301414,2.8434237746031825e-05
ADSCA,12,10,T25_vs_T100,192.23664361192368,194.4781634519511,-0.005034669384851399,0.4284300285458069
ADSCA,12,10,T200_vs_T100,202.0362201816547,194.4781634519511,0.01655839025782016,0.028485956184747342
ADSCA,12,20,T25_vs_T100,424.92549619554075,427.29844674305673,-0.0024185239114122114,0.8612125197358381
ADSCA,12,20,T200_vs_T100,438.29159109618354,427.29844674305673,0.011031824385070079,0.6143145637885868
