algo,func_id,dim,T,med,med100,delta
ADPSO,1,10,25,6.799889484909727e-05,1e-10,5.832501854399781
ADPSO,1,10,50,2.744559424172621e-07,1e-10,3.4384726384008806
ADPSO,1,10,100,1e-10,1e-10,0.0
ADPSO,1,10,200,1e-10,1e-10,0.0
ADPSO,1,20,25,0.0002252047965214388,1e-10,6.352577636093206
ADPSO,1,20,50,1.235177705893875e-06,1e-10,4.091729444346383
ADPSO,1,20,100,1e-10,1e-10,0.0
ADPSO,1,20,200,1e-10,1e-10,0.0
ADPSO,2,10,25,4.196525725359095,4.0903551403445135,0.011128872990951222
ADPSO,2,10,50,4.1203814469975555,4.0903551403445135,0.00317640622949435
ADPSO,2,10,100,4.0903551403445135,4.0903551403445135,0.0
ADPSO,2,10,200,4.0726441871937595,4.0903551403445135,-0.0018845478196247445
ADPSO,2,20,25,49.08450436346084,49.08447897955304,2.24594178528008e-07
ADPSO,2,20,50,49.0844793359683,49.08447897955304,3.1535259260478864e-09
ADPSO,2,20,100,49.08447897955304,49.08447897955304,0.0
ADPSO,2,20,200,49.084478979481496,49.08447897955304,-6.330327654193667e-13
ADPSO,3,10,25,2.7530404622666538e-09,1e-10,1.4398125943973252
ADPSO,3,10,50,1e-10,1e-10,0.0
ADPSO,3,10,100,1e-10,1e-10,0.0
ADPSO,3,10,200,1e-10,1e-10,0.0
ADPSO,3,20,25,1.2274199434614275e-08,1e-10,2.0889931755430586
ADPSO,3,20,50,1e-10,1e-10,0.0
ADPSO,3,20,100,1e-10,1e-10,0.0
ADPSO,3,20,200,1e-10,1e-10,0.0
ADPSO,4,10,25,20.00000076548895,19.00000000000017,0.022276411333529346
ADPSO,4,10,50,20.474902669101255,19.00000000000017,0.032468244992555434
ADPSO,4,10,100,19.00000000000017,19.00000000000017,0.0
ADPSO,4,10,200,20.0,19.00000000000017,0.02227639471114836
ADPSO,4,20,25,83.00002090231618,81.00000000000142,0.010593182868012113
ADPSO,4,20,50,90.00000007146383,81.00000000000142,0.04575749090551584
ADPSO,4,20,100,81.00000000000142,81.00000000000142,0.0
ADPSO,4,20,200,74.0,81.00000000000142,-0.03925329914768118
ADPSO,5,10,25,1.1538742228367481e-07,1e-10,3.062158471467041
ADPSO,5,10,50,4.6088644012343144e-10,1e-10,0.6635939308057985
ADPSO,5,10,100,1e-10,1e-10,0.0
ADPSO,5,10,200,1e-10,1e-10,0.0
ADPSO,5,20,25,0.2685853124860387,0.2685847512497048,9.075034492321398e-07
ADPSO,5,20,50,0.4062185189829961,0.2685847512497048,0.17967836624610223
ADPSO,5,20,100,0.2685847512497048,0.2685847512497048,0.0
ADPSO,5,20,200,0.36145438492042103,0.2685847512497048,0.12897214547795854
ADPSO,6,10,25,10590.97509230437,5995.274081522073,0.24712690446229102
ADPSO,6,10,50,10640.037280908695,5995.274081522073,0.24913410744769124
ADPSO,6,10,100,5995.274081522073,5995.274081522073,0.0
ADPSO,6,10,200,5144.604059350794,5995.274081522073,-0.06645708613419431
ADPSO,6,20,25,79214.52390159278,71425.9694717461,0.04494867252063521
ADPSO,6,20,50,78257.83183197331,71425.9694717461,0.03967166759288629
ADPSO,6,20,100,71425.9694717461,71425.9694717461,0.0
ADPSO,6,20,200,65271.20154242901,71425.9694717461,-0.039134536353729814
ADPSO,7,10,25,21.109577274266144,20.968214054258734,0.0029180950535792035
ADPSO,7,10,50,21.020664946761713,20.968214054258734,0.0010850084867768432
ADPSO,7,10,100,20.968214054258734,20.968214054258734,0.0
ADPSO,7,10,200,20.959100860075978,20.968214054258734,-0.00018879386941413886
ADPSO,7,20,25,27.96324171371782,26.27216190646549,0.027091704885697298
ADPSO,7,20,50,28.01505309716083,26.27216190646549,0.02789563806838833
ADPSO,7,20,100,26.27216190646549,26.27216190646549,0.0
ADPSO,7,20,200,26.597353331555162,26.27216190646549,0.005342610837524232
ADPSO,8,10,25,21.138234744036936,21.050487650049718,0.001806555473094154
ADPSO,8,10,50,20.701419393963533,21.050487650049718,-0.007262037136808605
ADPSO,8,10,100,21.050487650049718,21.050487650049718,0.0
ADPSO,8,10,200,20.917245607921586,21.050487650049718,-0.0027576651674718444
ADPSO,8,20,25,28.74778657457136,31.40251335402991,-0.038359997001905746
ADPSO,8,20,50,31.697768551827043,31.40251335402991,0.004064281018010568
ADPSO,8,20,100,31.40251335402991,31.40251335402991,0.0
ADPSO,8,20,200,30.35450566739155,31.40251335402991,-0.014741244323002164
ADPSO,9,10,25,359.0943517981325,359.094344780395,8.487364660429404e-09
ADPSO,9,10,50,359.0943448715237,359.094344780395,1.102125039746574e-10
ADPSO,9,10,100,359.094344780395,359.094344780395,0.0
ADPSO,9,10,200,359.0943447803602,359.094344780395,-4.2092893915053025e-14
ADPSO,9,20,25,335.6387785079985,335.6387702716745,1.0657261104975931e-08
ADPSO,9,20,50,335.63877048725703,335.6387702716745,2.7894965610183075e-10
ADPSO,9,20,100,335.6387702716745,335.6387702716745,0.0
ADPSO,9,20,200,335.63877027157787,335.6387702716745,-1.2502505603865166e-13
ADPSO,10,10,25,221.12207504346839,221.45770345893607,-0.0006586907212195259
ADPSO,10,10,50,221.12205732651069,221.45770345893607,-0.0006587255181852901
ADPSO,10,10,100,221.45770345893607,221.45770345893607,0.0
ADPSO,10,10,200,221.3465913289201,221.45770345893607,-0.0002179535588035288
ADPSO,10,20,25,405.5298361364023,405.4532714992349,8.200318654348492e-05
ADPSO,10,20,50,405.9395774841405,405.4532714992349,0.0005205863751807134
ADPSO,10,20,100,405.4532714992349,405.4532714992349,0.0
ADPSO,10,20,200,416.5658937868277,405.4532714992349,0.011742900350879937
ADPSO,11,10,25,0.0035811118414130765,9.203351964970352e-07,3.590071853515638
ADPSO,11,10,50,0.00022337976088238065,9.203351964970352e-07,2.385097790586529
ADPSO,11,10,100,9.203351964970352e-07,9.203351964970352e-07,0.0
ADPSO,11,10,200,1e-10,9.203351964970352e-07,-3.963946031123761
ADPSO,11,20,25,0.004833434964666594,1.612959522390156e-06,3.476632410603736
ADPSO,11,20,50,0.0002984379716508556,1.612959522390156e-06,2.2672306108221223
ADPSO,11,20,100,1.612959522390156e-06,1.612959522390156e-06,0.0
ADPSO,11,20,200,1e-10,1.612959522390156e-06,-4.20762346880051
ADPSO,12,10,25,165.91744309263777,165.95166006457225,-8.955483960315969e-05
ADPSO,12,10,50,165.94233152778315,165.95166006457225,-2.441341003713942e-05
ADPSO,12,10,100,165.95166006457225,165.95166006457225,0.0
ADPSO,12,10,200,165.95135086357186,165.95166006457225,-8.091778853815981e-07
ADPSO,12,20,25,244.72813119984107,243.86924676776403,0.0015268569602346444
ADPSO,12,20,50,245.6427563344912,243.86924676776403,0.003146925034043564
ADPSO,12,20,100,243.86924676776403,243.86924676776403,0.0
ADPSO,12,20,200,244.33673936155148,243.86924676776403,0.0008317371012915299
ADSCA,1,10,25,1e-10,1e-10,0.0
ADSCA,1,10,50,1e-10,1e-10,0.0
ADSCA,1,10,100,1e-10,1e-10,0.0
ADSCA,1,10,200,0.0018258153962733559,1e-10,7.261456864965695
ADSCA,1,20,25,1e-10,1e-10,0.0
ADSCA,1,20,50,1e-10,1e-10,0.0
ADSCA,1,20,100,1e-10,1e-10,0.0
ADSCA,1,20,200,1e-10,1e-10,0.0
ADSCA,2,10,25,4.39743397100753,8.916101927782648,-0.30697569754122317
ADSCA,2,10,50,7.716964108504584,8.916101927782648,-0.06272854428087431
ADSCA,2,10,100,8.916101927782648,8.916101927782648,0.0
ADSCA,2,10,200,8.916102189278263,8.916101927782648,1.2737191863962343e-08
ADSCA,2,20,25,49.08458499274417,49.531817784839006,-0.003939143182145043
ADSCA,2,20,50,49.092783213780564,49.531817784839006,-0.0038666123691716084
ADSCA,2,20,100,49.531817784839006,49.531817784839006,0.0
ADSCA,2,20,200,63.517701863678184,49.531817784839006,0.1080105098843954
ADSCA,3,10,25,1e-10,1e-10,0.0
ADSCA,3,10,50,1e-10,1e-10,0.0
ADSCA,3,10,100,1e-10,1e-10,0.0
ADSCA,3,10,200,1e-10,1e-10,0.0
ADSCA,3,20,25,1e-10,1e-10,0.0
ADSCA,3,20,50,1e-10,1e-10,0.0
ADSCA,3,20,100,1e-10,1e-10,0.0
ADSCA,3,20,200,1e-10,1e-10,0.0
ADSCA,4,10,25,51.0,54.0,-0.024823583725032152
ADSCA,4,10,50,52.0,54.0,-0.01639041618816937
ADSCA,4,10,100,54.0,54.0,0.0
ADSCA,4,10,200,54.0,54.0,0.0
ADSCA,4,20,25,213.5,226.25,-0.02519070851619825
ADSCA,4,20,50,221.25,226.25,-0.009705308507377906
ADSCA,4,20,100,226.25,226.25,0.0
ADSCA,4,20,200,228.0,226.25,0.0033462591232128274
ADSCA,5,10,25,0.454324018591592,0.4990893802742562,-0.04081263183925617
ADSCA,5,10,50,0.543852269028605,0.4990893802742562,0.03730261585277514
ADSCA,5,10,100,0.4990893802742562,0.4990893802742562,0.0
ADSCA,5,10,200,0.45444938440550686,0.4990893802742562,-0.040692809491092455
ADSCA,5,20,25,2.264937326449399,2.354465894403404,-0.01683621479269638
ADSCA,5,20,50,2.4025710904331845,2.354465894403404,0.008783843151888151
ADSCA,5,20,100,2.354465894403404,2.354465894403404,0.0
ADSCA,5,20,200,2.30970944138528,2.354465894403404,-0.008335054239963726
ADSCA,6,10,25,6334.532218306762,6981.225224762554,-0.04221709985366061
ADSCA,6,10,50,6697.990812519589,6981.225224762554,-0.017987101729179146
ADSCA,6,10,100,6981.225224762554,6981.225224762554,0.0
ADSCA,6,10,200,6488.729138651507,6981.225224762554,-0.031772003594905604
ADSCA,6,20,25,37557.457797710114,38507.36902479456,-0.010847659013130187
ADSCA,6,20,50,41231.663715620714,38507.36902479456,0.029687012200901062
ADSCA,6,20,100,38507.36902479456,38507.36902479456,0.0
ADSCA,6,20,200,39729.29834479133,38507.36902479456,0.013567048165351847
ADSCA,7,10,25,22.5240201041197,31.832932895036155,-0.15023074744212733
ADSCA,7,10,50,25.386683491288522,31.832932895036155,-0.0982706852680719
ADSCA,7,10,100,31.832932895036155,31.832932895036155,0.0
ADSCA,7,10,200,33.1292614108562,31.832932895036155,0.017335100011347825
ADSCA,7,20,25,171.14092523111572,293.56245363035555,-0.2343466333629598
ADSCA,7,20,50,206.55323510834614,293.56245363035555,-0.1526685074918164
ADSCA,7,20,100,293.56245363035555,293.56245363035555,0.0
ADSCA,7,20,200,321.4090372501689,293.56245363035555,0.03935757498838656
ADSCA,8,10,25,135.82929355119882,151.42683085698127,-0.04720939136261387
ADSCA,8,10,50,131.98232322784224,151.42683085698127,-0.05968706450147648
ADSCA,8,10,100,151.42683085698127,151.42683085698127,0.0
ADSCA,8,10,200,173.81562244589077,151.42683085698127,0.05988597470638687
ADSCA,8,20,25,236.77195215275333,499.23003085455116,-0.32397044729577396
ADSCA,8,20,50,364.8091984147254,499.23003085455116,-0.1362349219263019
ADSCA,8,20,100,499.23003085455116,499.23003085455116,0.0
ADSCA,8,20,200,602.6849526764422,499.23003085455116,0.08178964634986163
ADSCA,9,10,25,367.08778938593946,369.84894949704267,-0.003254450886105379
ADSCA,9,10,50,368.8746217034245,369.84894949704267,-0.0011456123675923006
ADSCA,9,10,100,369.84894949704267,369.84894949704267,0.0
ADSCA,9,10,200,371.8291596927929,369.84894949704267,0.0023190556491695185
ADSCA,9,20,25,336.7297715361494,341.5655287999075,-0.00619251902993084
ADSCA,9,20,50,338.102429405508,341.5655287999075,-0.00442574334988017
ADSCA,9,20,100,341.5655287999075,341.5655287999075,0.0
ADSCA,9,20,200,348.184198385635,341.5655287999075,0.008335022966405486
ADSCA,10,10,25,235.76764456013916,236.6000893410021,-0.001530699593255517
ADSCA,10,10,50,235.55768253413657,236.6000893410021,-0.0019176312945331502
ADSCA,10,10,100,236.6000893410021,236.6000893410021,0.0
ADSCA,10,10,200,232.11544254872138,236.6000893410021,-0.008310869425566482
ADSCA,10,20,25,2497.568955658629,2507.637784955399,-0.001747317594711834
ADSCA,10,20,50,2507.6377849553955,2507.637784955399,-6.268128532596371e-16
ADSCA,10,20,100,2507.637784955399,2507.637784955399,0.0
ADSCA,10,20,200,2515.289841606723,2507.637784955399,0.0013232317074217837
ADSCA,11,10,25,1e-10,1e-10,0.0
ADSCA,11,10,50,1e-10,1e-10,0.0
ADSCA,11,10,100,1e-10,1e-10,0.0
ADSCA,11,10,200,1.5248285762936575e-06,1e-10,4.183221022335672
ADSCA,11,20,25,1e-10,1e-10,0.0
ADSCA,11,20,50,1e-10,1e-10,0.0
ADSCA,11,20,100,1e-10,1e-10,0.0
ADSCA,11,20,200,8.251777217083145e-08,1e-10,2.916547494301414
ADSCA,12,10,25,192.23664361192368,194.4781634519511,-0.005034669384851399
ADSCA,12,10,50,199.69251437572302,194.4781634519511,0.011490940710940726
ADSCA,12,10,100,194.4781634519511,194.4781634519511,0.0
ADSCA,12,10,200,202.0362201816547,194.4781634519511,0.01655839025782016
ADSCA,12,20,25,424.92549619554075,427.29844674305673,-0.0024185239114122114
ADSCA,12,20,50,416.716720253861,427.29844674305673,-0.010890387784949563
ADSCA,12,20,100,427.29844674305673,427.29844674305673,0.0
ADSCA,12,20,200,438.29159109618354,427.29844674305673,0.011031824385070079
