func_id,dim,flagship,opponent,n_pairs,median_flag,median_opp,p_value,verdict
1,10,ADSCAv2.1,PSO,30,2.756906e-12,0.000000e+00,3.0913e-05,-
1,10,ADSCAv2.1,SCA,30,2.756906e-12,3.331059e+03,1.7344e-06,+
1,10,ADSCAv2.1,v1.8,30,2.756906e-12,3.893774e-12,1.6190e-01,=
1,10,ADSCAv2.1,wDecay,30,2.756906e-12,0.000000e+00,3.5708e-04,-
1,10,v1.8,ADSCAv2.1,30,3.893774e-12,2.756906e-12,1.6190e-01,=
1,10,v1.8,PSO,30,3.893774e-12,0.000000e+00,3.1063e-05,-
1,10,v1.8,SCA,30,3.893774e-12,3.331059e+03,1.7344e-06,+
1,10,v1.8,wDecay,30,3.893774e-12,0.000000e+00,3.5837e-04,-
1,20,ADSCAv2.1,PSO,30,1.136868e-13,5.684342e-14,3.1182e-01,=
1,20,ADSCAv2.1,SCA,30,1.136868e-13,1.529705e+04,1.7344e-06,+
1,20,ADSCAv2.1,v1.8,30,1.136868e-13,3.529976e-11,1.7322e-06,+
1,20,ADSCAv2.1,wDecay,30,1.136868e-13,1.581641e+03,7.1455e-06,+
1,20,v1.8,ADSCAv2.1,30,3.529976e-11,1.136868e-13,1.7322e-06,-
1,20,v1.8,PSO,30,3.529976e-11,5.684342e-14,6.4350e-01,=
1,20,v1.8,SCA,30,3.529976e-11,1.529705e+04,1.7344e-06,+
1,20,v1.8,wDecay,30,3.529976e-11,1.581641e+03,7.6909e-06,+
2,10,ADSCAv2.1,PSO,30,8.916102e+00,1.946166e+01,6.2683e-02,=
2,10,ADSCAv2.1,SCA,30,8.916102e+00,1.506095e+02,1.7344e-06,+
2,10,ADSCAv2.1,v1.8,30,8.916102e+00,4.090355e+00,2.1827e-02,-
2,10,ADSCAv2.1,wDecay,30,8.916102e+00,2.621463e+01,3.1618e-03,+
2,10,v1.8,ADSCAv2.1,30,4.090355e+00,8.916102e+00,2.1827e-02,+
2,10,v1.8,PSO,30,4.090355e+00,1.946166e+01,1.0241e-05,+
2,10,v1.8,SCA,30,4.090355e+00,1.506095e+02,1.7344e-06,+
2,10,v1.8,wDecay,30,4.090355e+00,2.621463e+01,4.3262e-06,+
2,20,ADSCAv2.1,PSO,30,4.953182e+01,1.096891e+02,6.3198e-05,+
2,20,ADSCAv2.1,SCA,30,4.953182e+01,6.131515e+02,1.7344e-06,+
2,20,ADSCAv2.1,v1.8,30,4.953182e+01,4.908448e+01,1.3595e-04,-
2,20,ADSCAv2.1,wDecay,30,4.953182e+01,1.656556e+02,8.4661e-06,+
2,20,v1.8,ADSCAv2.1,30,4.908448e+01,4.953182e+01,1.3595e-04,+
2,20,v1.8,PSO,30,4.908448e+01,1.096891e+02,6.9838e-06,+
2,20,v1.8,SCA,30,4.908448e+01,6.131515e+02,1.7344e-06,+
2,20,v1.8,wDecay,30,4.908448e+01,1.656556e+02,1.9209e-06,+
3,10,ADSCAv2.1,PSO,30,0.000000e+00,0.000000e+00,4.6715e-03,=
3,10,ADSCAv2.1,SCA,30,0.000000e+00,2.152083e-02,1.7344e-06,+
3,10,ADSCAv2.1,v1.8,30,0.000000e+00,0.000000e+00,1.8281e-04,=
3,10,ADSCAv2.1,wDecay,30,0.000000e+00,2.185869e-02,9.1821e-05,+
3,10,v1.8,ADSCAv2.1,30,0.000000e+00,0.000000e+00,1.8281e-04,=
3,10,v1.8,PSO,30,0.000000e+00,0.000000e+00,1.9659e-03,=
3,10,v1.8,SCA,30,0.000000e+00,2.152083e-02,1.7344e-06,+
3,10,v1.8,wDecay,30,0.000000e+00,2.185869e-02,9.7196e-05,+
3,20,ADSCAv2.1,PSO,30,1.136868e-13,1.391385e-01,1.7311e-06,+
3,20,ADSCAv2.1,SCA,30,1.136868e-13,2.969801e-01,1.7344e-06,+
3,20,ADSCAv2.1,v1.8,30,1.136868e-13,0.000000e+00,7.8641e-07,-
3,20,ADSCAv2.1,wDecay,30,1.136868e-13,2.840912e-01,1.7322e-06,+
3,20,v1.8,ADSCAv2.1,30,0.000000e+00,1.136868e-13,7.8641e-07,+
3,20,v1.8,PSO,30,0.000000e+00,1.391385e-01,1.7279e-06,+
3,20,v1.8,SCA,30,0.000000e+00,2.969801e-01,1.7344e-06,+
3,20,v1.8,wDecay,30,0.000000e+00,2.840912e-01,1.7333e-06,+
4,10,ADSCAv2.1,PSO,30,5.400000e+01,3.600000e+01,5.0834e-03,-
4,10,ADSCAv2.1,SCA,30,5.400000e+01,4.645787e+01,7.5213e-02,=
4,10,ADSCAv2.1,v1.8,30,5.400000e+01,1.900000e+01,2.1253e-06,-
4,10,ADSCAv2.1,wDecay,30,5.400000e+01,2.700000e+01,3.3325e-06,-
4,10,v1.8,ADSCAv2.1,30,1.900000e+01,5.400000e+01,2.1253e-06,+
4,10,v1.8,PSO,30,1.900000e+01,3.600000e+01,9.3106e-06,+
4,10,v1.8,SCA,30,1.900000e+01,4.645787e+01,3.1817e-06,+
4,10,v1.8,wDecay,30,1.900000e+01,2.700000e+01,7.5693e-03,+
4,20,ADSCAv2.1,PSO,30,2.262500e+02,1.650000e+02,4.8322e-03,-
4,20,ADSCAv2.1,SCA,30,2.262500e+02,2.127508e+02,3.4935e-01,=
4,20,ADSCAv2.1,v1.8,30,2.262500e+02,8.100000e+01,1.7344e-06,-
4,20,ADSCAv2.1,wDecay,30,2.262500e+02,1.270000e+02,4.7265e-06,-
4,20,v1.8,ADSCAv2.1,30,8.100000e+01,2.262500e+02,1.7344e-06,+
4,20,v1.8,PSO,30,8.100000e+01,1.650000e+02,2.1266e-06,+
4,20,v1.8,SCA,30,8.100000e+01,2.127508e+02,1.7344e-06,+
4,20,v1.8,wDecay,30,8.100000e+01,1.270000e+02,2.3647e-05,+
5,10,ADSCAv2.1,PSO,30,4.990894e-01,8.952825e-02,1.6503e-01,=
5,10,ADSCAv2.1,SCA,30,4.990894e-01,1.152359e+00,5.7517e-06,+
5,10,ADSCAv2.1,v1.8,30,4.990894e-01,1.136868e-13,1.7344e-06,-
5,10,ADSCAv2.1,wDecay,30,4.990894e-01,1.136868e-13,1.2381e-05,-
5,10,v1.8,ADSCAv2.1,30,1.136868e-13,4.990894e-01,1.7344e-06,+
5,10,v1.8,PSO,30,1.136868e-13,8.952825e-02,3.6376e-04,+
5,10,v1.8,SCA,30,1.136868e-13,1.152359e+00,1.7344e-06,+
5,10,v1.8,wDecay,30,1.136868e-13,1.136868e-13,4.4628e-02,=
5,20,ADSCAv2.1,PSO,30,2.354466e+00,3.523398e+00,2.1827e-02,+
5,20,ADSCAv2.1,SCA,30,2.354466e+00,4.703760e+00,4.2857e-06,+
5,20,ADSCAv2.1,v1.8,30,2.354466e+00,2.685848e-01,2.3534e-06,-
5,20,ADSCAv2.1,wDecay,30,2.354466e+00,2.319609e+00,2.6230e-01,=
5,20,v1.8,ADSCAv2.1,30,2.685848e-01,2.354466e+00,2.3534e-06,+
5,20,v1.8,PSO,30,2.685848e-01,3.523398e+00,3.1817e-06,+
5,20,v1.8,SCA,30,2.685848e-01,4.703760e+00,1.7344e-06,+
5,20,v1.8,wDecay,30,2.685848e-01,2.319609e+00,2.3520e-06,+
6,10,ADSCAv2.1,PSO,30,6.981225e+03,9.006075e+03,7.5213e-02,=
6,10,ADSCAv2.1,SCA,30,6.981225e+03,1.788984e+05,1.7344e-06,+
6,10,ADSCAv2.1,v1.8,30,6.981225e+03,5.995274e+03,5.5774e-01,=
6,10,ADSCAv2.1,wDecay,30,6.981225e+03,3.514586e+04,3.7243e-05,+
6,10,v1.8,ADSCAv2.1,30,5.995274e+03,6.981225e+03,5.5774e-01,=
6,10,v1.8,PSO,30,5.995274e+03,9.006075e+03,1.1093e-01,=
6,10,v1.8,SCA,30,5.995274e+03,1.788984e+05,1.7344e-06,+
6,10,v1.8,wDecay,30,5.995274e+03,3.514586e+04,3.7243e-05,+
6,20,ADSCAv2.1,PSO,30,3.850737e+04,8.420028e+04,3.5152e-06,+
6,20,ADSCAv2.1,SCA,30,3.850737e+04,1.522266e+08,1.7344e-06,+
6,20,ADSCAv2.1,v1.8,30,3.850737e+04,7.142597e+04,3.5152e-06,+
6,20,ADSCAv2.1,wDecay,30,3.850737e+04,1.291577e+05,1.7344e-06,+
6,20,v1.8,ADSCAv2.1,30,7.142597e+04,3.850737e+04,3.5152e-06,-
6,20,v1.8,PSO,30,7.142597e+04,8.420028e+04,2.1827e-02,+
6,20,v1.8,SCA,30,7.142597e+04,1.522266e+08,1.7344e-06,+
6,20,v1.8,wDecay,30,7.142597e+04,1.291577e+05,1.3601e-05,+
7,10,ADSCAv2.1,PSO,30,3.183293e+01,2.149494e+01,4.9498e-02,-
7,10,ADSCAv2.1,SCA,30,3.183293e+01,9.098586e+01,2.3704e-05,+
7,10,ADSCAv2.1,v1.8,30,3.183293e+01,2.096821e+01,1.7344e-06,-
7,10,ADSCAv2.1,wDecay,30,3.183293e+01,2.230994e+01,1.2044e-01,=
7,10,v1.8,ADSCAv2.1,30,2.096821e+01,3.183293e+01,1.7344e-06,+
7,10,v1.8,PSO,30,2.096821e+01,2.149494e+01,6.4242e-03,+
7,10,v1.8,SCA,30,2.096821e+01,9.098586e+01,1.7344e-06,+
7,10,v1.8,wDecay,30,2.096821e+01,2.230994e+01,1.6046e-04,+
7,20,ADSCAv2.1,PSO,30,2.935625e+02,4.070359e+01,1.0570e-04,-
7,20,ADSCAv2.1,SCA,30,2.935625e+02,8.035976e+02,7.5137e-05,+
7,20,ADSCAv2.1,v1.8,30,2.935625e+02,2.627216e+01,1.7344e-06,-
7,20,ADSCAv2.1,wDecay,30,2.935625e+02,3.622759e+01,5.2165e-06,-
7,20,v1.8,ADSCAv2.1,30,2.627216e+01,2.935625e+02,1.7344e-06,+
7,20,v1.8,PSO,30,2.627216e+01,4.070359e+01,2.4118e-04,+
7,20,v1.8,SCA,30,2.627216e+01,8.035976e+02,1.7344e-06,+
7,20,v1.8,wDecay,30,2.627216e+01,3.622759e+01,7.5137e-05,+
8,10,ADSCAv2.1,PSO,30,1.514268e+02,2.145155e+01,2.4308e-02,-
8,10,ADSCAv2.1,SCA,30,1.514268e+02,5.844813e+02,3.4053e-05,+
8,10,ADSCAv2.1,v1.8,30,1.514268e+02,2.105049e+01,1.7344e-06,-
8,10,ADSCAv2.1,wDecay,30,1.514268e+02,2.176450e+01,3.6826e-02,-
8,10,v1.8,ADSCAv2.1,30,2.105049e+01,1.514268e+02,1.7344e-06,+
8,10,v1.8,PSO,30,2.105049e+01,2.145155e+01,4.8969e-04,+
8,10,v1.8,SCA,30,2.105049e+01,5.844813e+02,1.7344e-06,+
8,10,v1.8,wDecay,30,2.105049e+01,2.176450e+01,3.0650e-04,+
8,20,ADSCAv2.1,PSO,30,4.992300e+02,1.018844e+03,1.3975e-02,+
8,20,ADSCAv2.1,SCA,30,4.992300e+02,4.050249e+03,2.6033e-06,+
8,20,ADSCAv2.1,v1.8,30,4.992300e+02,3.140251e+01,1.7344e-06,-
8,20,ADSCAv2.1,wDecay,30,4.992300e+02,1.023948e+03,1.6566e-02,+
8,20,v1.8,ADSCAv2.1,30,3.140251e+01,4.992300e+02,1.7344e-06,+
8,20,v1.8,PSO,30,3.140251e+01,1.018844e+03,4.2857e-06,+
8,20,v1.8,SCA,30,3.140251e+01,4.050249e+03,1.7344e-06,+
8,20,v1.8,wDecay,30,3.140251e+01,1.023948e+03,3.5152e-06,+
9,10,ADSCAv2.1,PSO,30,3.698489e+02,3.801983e+02,2.7029e-02,+
9,10,ADSCAv2.1,SCA,30,3.698489e+02,5.294923e+02,1.2506e-04,+
9,10,ADSCAv2.1,v1.8,30,3.698489e+02,3.590943e+02,3.0861e-01,=
9,10,ADSCAv2.1,wDecay,30,3.698489e+02,4.157849e+02,1.3820e-03,+
9,10,v1.8,ADSCAv2.1,30,3.590943e+02,3.698489e+02,3.0861e-01,=
9,10,v1.8,PSO,30,3.590943e+02,3.801983e+02,1.9209e-06,+
9,10,v1.8,SCA,30,3.590943e+02,5.294923e+02,4.5336e-04,+
9,10,v1.8,wDecay,30,3.590943e+02,4.157849e+02,1.7344e-06,+
9,20,ADSCAv2.1,PSO,30,3.415655e+02,4.830903e+02,2.6033e-06,+
9,20,ADSCAv2.1,SCA,30,3.415655e+02,1.529869e+03,1.7344e-06,+
9,20,ADSCAv2.1,v1.8,30,3.415655e+02,3.356388e+02,1.7344e-06,-
9,20,ADSCAv2.1,wDecay,30,3.415655e+02,6.185681e+02,1.9209e-06,+
9,20,v1.8,ADSCAv2.1,30,3.356388e+02,3.415655e+02,1.7344e-06,+
9,20,v1.8,PSO,30,3.356388e+02,4.830903e+02,1.9209e-06,+
9,20,v1.8,SCA,30,3.356388e+02,1.529869e+03,1.7344e-06,+
9,20,v1.8,wDecay,30,3.356388e+02,6.185681e+02,1.7344e-06,+
10,10,ADSCAv2.1,PSO,30,2.366001e+02,2.339430e+02,3.3886e-01,=
10,10,ADSCAv2.1,SCA,30,2.366001e+02,3.659177e+02,5.6672e-03,+
10,10,ADSCAv2.1,v1.8,30,2.366001e+02,2.214577e+02,1.7344e-06,-
10,10,ADSCAv2.1,wDecay,30,2.366001e+02,2.575609e+02,8.6121e-01,=
10,10,v1.8,ADSCAv2.1,30,2.214577e+02,2.366001e+02,1.7344e-06,+
10,10,v1.8,PSO,30,2.214577e+02,2.339430e+02,8.4661e-06,+
10,10,v1.8,SCA,30,2.214577e+02,3.659177e+02,1.7344e-06,+
10,10,v1.8,wDecay,30,2.214577e+02,2.575609e+02,4.2857e-06,+
10,20,ADSCAv2.1,PSO,30,2.507638e+03,1.969715e+03,1.2044e-01,=
10,20,ADSCAv2.1,SCA,30,2.507638e+03,3.765540e+03,5.7924e-05,+
10,20,ADSCAv2.1,v1.8,30,2.507638e+03,4.054533e+02,4.2857e-06,-
10,20,ADSCAv2.1,wDecay,30,2.507638e+03,1.746331e+03,3.3269e-02,-
10,20,v1.8,ADSCAv2.1,30,4.054533e+02,2.507638e+03,4.2857e-06,+
10,20,v1.8,PSO,30,4.054533e+02,1.969715e+03,3.5152e-06,+
10,20,v1.8,SCA,30,4.054533e+02,3.765540e+03,1.7344e-06,+
10,20,v1.8,wDecay,30,4.054533e+02,1.746331e+03,5.7924e-05,+
11,10,ADSCAv2.1,PSO,30,7.958079e-12,2.660296e+01,9.6945e-05,+
11,10,ADSCAv2.1,SCA,30,7.958079e-12,5.169001e+01,4.0715e-05,+
11,10,ADSCAv2.1,v1.8,30,7.958079e-12,9.203352e-07,8.9718e-02,=
11,10,ADSCAv2.1,wDecay,30,7.958079e-12,3.427710e+01,2.8420e-05,+
11,10,v1.8,ADSCAv2.1,30,9.203352e-07,7.958079e-12,8.9718e-02,=
11,10,v1.8,PSO,30,9.203352e-07,2.660296e+01,3.1798e-06,+
11,10,v1.8,SCA,30,9.203352e-07,5.169001e+01,1.9209e-06,+
11,10,v1.8,wDecay,30,9.203352e-07,3.427710e+01,1.9185e-06,+
11,20,ADSCAv2.1,PSO,30,2.728484e-12,4.413340e+02,1.7344e-06,+
11,20,ADSCAv2.1,SCA,30,2.728484e-12,4.059814e+02,1.7344e-06,+
11,20,ADSCAv2.1,v1.8,30,2.728484e-12,1.612960e-06,3.1093e-05,+
11,20,ADSCAv2.1,wDecay,30,2.728484e-12,1.176172e+03,1.7344e-06,+
11,20,v1.8,ADSCAv2.1,30,1.612960e-06,2.728484e-12,3.1093e-05,-
11,20,v1.8,PSO,30,1.612960e-06,4.413340e+02,1.7344e-06,+
11,20,v1.8,SCA,30,1.612960e-06,4.059814e+02,1.7344e-06,+
11,20,v1.8,wDecay,30,1.612960e-06,1.176172e+03,1.7344e-06,+
12,10,ADSCAv2.1,PSO,30,1.944782e+02,1.713514e+02,9.7110e-05,-
12,10,ADSCAv2.1,SCA,30,1.944782e+02,2.313901e+02,8.9718e-02,=
12,10,ADSCAv2.1,v1.8,30,1.944782e+02,1.659517e+02,1.7344e-06,-
12,10,ADSCAv2.1,wDecay,30,1.944782e+02,1.746376e+02,2.1053e-03,-
12,10,v1.8,ADSCAv2.1,30,1.659517e+02,1.944782e+02,1.7344e-06,+
12,10,v1.8,PSO,30,1.659517e+02,1.713514e+02,1.7344e-06,+
12,10,v1.8,SCA,30,1.659517e+02,2.313901e+02,1.7344e-06,+
12,10,v1.8,wDecay,30,1.659517e+02,1.746376e+02,1.7344e-06,+
12,20,ADSCAv2.1,PSO,30,4.272984e+02,2.966550e+02,3.5152e-06,-
12,20,ADSCAv2.1,SCA,30,4.272984e+02,4.870828e+02,3.6826e-02,+
12,20,ADSCAv2.1,v1.8,30,4.272984e+02,2.438692e+02,1.7344e-06,-
12,20,ADSCAv2.1,wDecay,30,4.272984e+02,2.924977e+02,2.3534e-06,-
12,20,v1.8,ADSCAv2.1,30,2.438692e+02,4.272984e+02,1.7344e-06,+
12,20,v1.8,PSO,30,2.438692e+02,2.966550e+02,1.7344e-06,+
12,20,v1.8,SCA,30,2.438692e+02,4.870828e+02,1.7344e-06,+
12,20,v1.8,wDecay,30,2.438692e+02,2.924977e+02,1.7344e-06,+
