func_id,dim,algo,n,mean,std,best,worst,median
1,10,ADSCAv2.1,30,1.854825e-01,1.015859e+00,5.684342e-14,5.564101e+00,2.756906e-12
1,10,PSO,30,6.832212e+01,3.742157e+02,0.000000e+00,2.049664e+03,0.000000e+00
1,10,SCA,30,3.464016e+03,2.406643e+03,1.254595e+02,8.507789e+03,3.331059e+03
1,10,v1.8,30,4.107884e-12,1.671444e-12,1.818989e-12,8.753887e-12,3.893774e-12
1,10,wDecay,30,1.477466e+02,5.866789e+02,0.000000e+00,2.853917e+03,0.000000e+00
1,20,ADSCAv2.1,30,1.174764e-13,3.315633e-14,5.684342e-14,1.705303e-13,1.136868e-13
1,20,PSO,30,1.227980e+03,3.480999e+03,0.000000e+00,1.358354e+04,5.684342e-14
1,20,SCA,30,1.568111e+04,5.369973e+03,7.759161e+03,3.476760e+04,1.529705e+04
1,20,v1.8,30,3.382752e-11,5.836820e-12,2.097522e-11,4.268941e-11,3.529976e-11
1,20,wDecay,30,2.373107e+03,2.986327e+03,0.000000e+00,1.410865e+04,1.581641e+03
2,10,ADSCAv2.1,30,2.300854e+01,2.950732e+01,3.081693e-03,8.616656e+01,8.916102e+00
2,10,PSO,30,3.261901e+01,3.379154e+01,3.851109e-01,1.250839e+02,1.946166e+01
2,10,SCA,30,2.444348e+02,2.036908e+02,2.933065e+01,8.228242e+02,1.506095e+02
2,10,v1.8,30,5.386888e+00,2.165486e+00,4.061422e+00,8.916102e+00,4.090355e+00
2,10,wDecay,30,4.935188e+01,6.308621e+01,4.374575e+00,3.139939e+02,2.621463e+01
2,20,ADSCAv2.1,30,5.544329e+01,1.530428e+01,4.045267e+00,8.190934e+01,4.953182e+01
2,20,PSO,30,1.318651e+02,9.186310e+01,3.194073e+01,3.573004e+02,1.096891e+02
2,20,SCA,30,7.218169e+02,3.290612e+02,2.955259e+02,1.688228e+03,6.131515e+02
2,20,v1.8,30,3.485157e+01,2.151193e+01,7.457083e-04,4.908448e+01,4.908448e+01
2,20,wDecay,30,2.077847e+02,2.414202e+02,2.055763e+01,1.377111e+03,1.656556e+02
3,10,ADSCAv2.1,30,5.305386e-14,5.768655e-14,0.000000e+00,1.136868e-13,0.000000e+00
3,10,PSO,30,1.700202e-02,3.195428e-02,0.000000e+00,1.521328e-01,0.000000e+00
3,10,SCA,30,3.450472e-02,2.959687e-02,4.127924e-03,1.380105e-01,2.152083e-02
3,10,v1.8,30,0.000000e+00,0.000000e+00,0.000000e+00,0.000000e+00,0.000000e+00
3,10,wDecay,30,2.288012e-02,2.825066e-02,0.000000e+00,1.113955e-01,2.185869e-02
3,20,ADSCAv2.1,30,1.629511e-13,5.729895e-14,1.136868e-13,2.273737e-13,1.136868e-13
3,20,PSO,30,1.832439e-01,1.334929e-01,4.032591e-02,5.608838e-01,1.391385e-01
3,20,SCA,30,4.240630e-01,3.261970e-01,8.963654e-02,1.498154e+00,2.969801e-01
3,20,v1.8,30,0.000000e+00,0.000000e+00,0.000000e+00,0.000000e+00,0.000000e+00
3,20,wDecay,30,2.964461e-01,1.690550e-01,2.187305e-02,7.837756e-01,2.840912e-01
4,10,ADSCAv2.1,30,6.068333e+01,2.642572e+01,2.800000e+01,1.225000e+02,5.400000e+01
4,10,PSO,30,4.106667e+01,1.604935e+01,1.800000e+01,8.000000e+01,3.600000e+01
4,10,SCA,30,4.919085e+01,1.664034e+01,1.933707e+01,9.484401e+01,4.645787e+01
4,10,v1.8,30,2.057278e+01,7.480165e+00,1.000000e+01,4.000000e+01,1.900000e+01
4,10,wDecay,30,2.660000e+01,7.721890e+00,1.400000e+01,4.400000e+01,2.700000e+01
4,20,ADSCAv2.1,30,2.238833e+02,5.459343e+01,1.100000e+02,3.460000e+02,2.262500e+02
4,20,PSO,30,1.690000e+02,5.085408e+01,7.800000e+01,3.080000e+02,1.650000e+02
4,20,SCA,30,2.148071e+02,3.545599e+01,1.612976e+02,3.065013e+02,2.127508e+02
4,20,v1.8,30,8.143333e+01,2.014334e+01,5.000000e+01,1.280000e+02,8.100000e+01
4,20,wDecay,30,1.332000e+02,4.329402e+01,5.400000e+01,2.320000e+02,1.270000e+02
5,10,ADSCAv2.1,30,4.704480e-01,3.240280e-01,8.984671e-10,1.177234e+00,4.990894e-01
5,10,PSO,30,5.011074e-01,8.452986e-01,0.000000e+00,3.545022e+00,8.952825e-02
5,10,SCA,30,1.523800e+00,9.048439e-01,3.102670e-01,3.760471e+00,1.152359e+00
5,10,v1.8,30,2.111268e-02,8.490737e-02,0.000000e+00,4.543240e-01,1.136868e-13
5,10,wDecay,30,8.362043e-02,2.266226e-01,0.000000e+00,7.830905e-01,1.136868e-13
5,20,ADSCAv2.1,30,2.553398e+00,1.099770e+00,7.229088e-01,4.990895e+00,2.354466e+00
5,20,PSO,30,3.550898e+00,2.096142e+00,1.790565e-01,8.268298e+00,3.523398e+00
5,20,SCA,30,4.997879e+00,1.287977e+00,1.839921e+00,7.260669e+00,4.703760e+00
5,20,v1.8,30,4.745992e-01,4.618601e-01,4.547474e-13,1.696722e+00,2.685848e-01
5,20,wDecay,30,3.368604e+00,2.685961e+00,2.685848e-01,1.090070e+01,2.319609e+00
6,10,ADSCAv2.1,30,9.086038e+03,5.580311e+03,1.479482e+03,2.552844e+04,6.981225e+03
6,10,PSO,30,2.114752e+04,2.450852e+04,2.817126e+01,8.699714e+04,9.006075e+03
6,10,SCA,30,8.401449e+05,1.391788e+06,3.992306e+04,4.230227e+06,1.788984e+05
6,10,v1.8,30,9.564853e+03,9.654664e+03,1.995052e+02,4.437909e+04,5.995274e+03
6,10,wDecay,30,4.251300e+04,3.264289e+04,1.304733e+03,1.200737e+05,3.514586e+04
6,20,ADSCAv2.1,30,4.059180e+04,1.431080e+04,1.768402e+04,7.511360e+04,3.850737e+04
6,20,PSO,30,1.786741e+06,6.894074e+06,2.883828e+04,3.516318e+07,8.420028e+04
6,20,SCA,30,4.458358e+08,9.054415e+08,1.093530e+07,4.481318e+09,1.522266e+08
6,20,v1.8,30,7.098730e+04,1.713821e+04,3.858617e+04,1.194305e+05,7.142597e+04
6,20,wDecay,30,1.110280e+07,2.369918e+07,2.897415e+04,8.397879e+07,1.291577e+05
7,10,ADSCAv2.1,30,3.701921e+01,1.985751e+01,2.266906e+01,1.309345e+02,3.183293e+01
7,10,PSO,30,3.832930e+01,3.798745e+01,1.995408e+01,1.291967e+02,2.149494e+01
7,10,SCA,30,1.053168e+02,6.993869e+01,3.759340e+01,3.877406e+02,9.098586e+01
7,10,v1.8,30,2.047729e+01,3.127167e+00,4.462210e+00,2.348669e+01,2.096821e+01
7,10,wDecay,30,4.006026e+01,3.858353e+01,7.059759e+00,1.299228e+02,2.230994e+01
7,20,ADSCAv2.1,30,3.444828e+02,1.704568e+02,1.190119e+02,6.647463e+02,2.935625e+02
7,20,PSO,30,1.130479e+02,1.660965e+02,2.339164e+01,6.193067e+02,4.070359e+01
7,20,SCA,30,8.756624e+02,5.028864e+02,2.304787e+02,1.808477e+03,8.035976e+02
7,20,v1.8,30,2.905797e+01,1.299698e+01,2.290952e+01,9.652669e+01,2.627216e+01
7,20,wDecay,30,1.041159e+02,1.427385e+02,2.507148e+01,5.844531e+02,3.622759e+01
8,10,ADSCAv2.1,30,2.393414e+02,2.062356e+02,2.216082e+01,8.468600e+02,1.514268e+02
8,10,PSO,30,2.671551e+02,6.719458e+02,1.327013e+00,2.661966e+03,2.145155e+01
8,10,SCA,30,7.508612e+02,6.941218e+02,9.347170e+01,3.171461e+03,5.844813e+02
8,10,v1.8,30,1.739363e+01,7.395824e+00,8.173862e-01,2.281473e+01,2.105049e+01
8,10,wDecay,30,3.157727e+02,7.362369e+02,6.652849e+00,2.660756e+03,2.176450e+01
8,20,ADSCAv2.1,30,5.510668e+02,3.526817e+02,1.538602e+02,1.947947e+03,4.992300e+02
8,20,PSO,30,1.201718e+03,1.189804e+03,2.582917e+01,4.036164e+03,1.018844e+03
8,20,SCA,30,2.149463e+07,1.175655e+08,9.121262e+02,6.439629e+08,4.050249e+03
8,20,v1.8,30,3.403984e+01,9.694187e+00,2.316779e+01,6.072933e+01,3.140251e+01
8,20,wDecay,30,1.650985e+03,1.843727e+03,2.373625e+01,6.741939e+03,1.023948e+03
9,10,ADSCAv2.1,30,2.889729e+02,1.799330e+02,1.364242e-12,4.469955e+02,3.698489e+02
9,10,PSO,30,3.896214e+02,2.994474e+01,3.590943e+02,4.467277e+02,3.801983e+02
9,10,SCA,30,5.110466e+02,1.958568e+02,4.239257e+01,9.916221e+02,5.294923e+02
9,10,v1.8,30,3.351547e+02,9.110515e+01,1.716475e-06,3.590943e+02,3.590943e+02
9,10,wDecay,30,4.149660e+02,4.265747e+01,3.669081e+02,5.563604e+02,4.157849e+02
9,20,ADSCAv2.1,30,3.418146e+02,2.809558e+00,3.375340e+02,3.475930e+02,3.415655e+02
9,20,PSO,30,5.313572e+02,1.678036e+02,3.356388e+02,8.648895e+02,4.830903e+02
9,20,SCA,30,1.768404e+03,9.655244e+02,5.210700e+02,3.929410e+03,1.529869e+03
9,20,v1.8,30,3.356397e+02,5.164314e-03,3.356388e+02,3.356671e+02,3.356388e+02
9,20,wDecay,30,6.323869e+02,2.070573e+02,3.358129e+02,1.136066e+03,6.185681e+02
10,10,ADSCAv2.1,30,3.109818e+02,1.847704e+02,2.218360e+02,1.216114e+03,2.366001e+02
10,10,PSO,30,2.812895e+02,6.737375e+01,2.211221e+02,4.467588e+02,2.339430e+02
10,10,SCA,30,3.430362e+02,1.358657e+02,2.332785e+02,9.350936e+02,3.659177e+02
10,10,v1.8,30,2.318914e+02,3.159585e+01,2.194027e+02,3.304008e+02,2.214577e+02
10,10,wDecay,30,2.978819e+02,1.226735e+02,2.194041e+02,8.797915e+02,2.575609e+02
10,20,ADSCAv2.1,30,2.088003e+03,9.931790e+02,4.133937e+02,3.368755e+03,2.507638e+03
10,20,PSO,30,1.856660e+03,8.204305e+02,4.126610e+02,3.095428e+03,1.969715e+03
10,20,SCA,30,3.400908e+03,1.186838e+03,4.391661e+02,4.690293e+03,3.765540e+03
10,20,v1.8,30,6.856595e+02,5.627496e+02,3.987596e+02,2.091631e+03,4.054533e+02
10,20,wDecay,30,1.595853e+03,8.357870e+02,4.199640e+02,3.291133e+03,1.746331e+03
11,10,ADSCAv2.1,30,3.371153e+01,1.597134e+02,9.094947e-13,8.773198e+02,7.958079e-12
11,10,PSO,30,1.128553e+02,2.619887e+02,0.000000e+00,8.981857e+02,2.660296e+01
11,10,SCA,30,1.672958e+02,3.114806e+02,1.078161e+01,1.031817e+03,5.169001e+01
11,10,v1.8,30,3.871634e+00,8.806814e+00,6.459650e-07,2.343085e+01,9.203352e-07
11,10,wDecay,30,1.229408e+02,2.610216e+02,2.107238e+01,8.995860e+02,3.427710e+01
11,20,ADSCAv2.1,30,6.304547e-01,3.453143e+00,1.818989e-12,1.891364e+01,2.728484e-12
11,20,PSO,30,8.469205e+02,7.881686e+02,2.739660e+01,1.887343e+03,4.413340e+02
11,20,SCA,30,1.294890e+03,1.287321e+03,3.413556e+01,3.854422e+03,4.059814e+02
11,20,v1.8,30,3.069255e+00,6.243448e+00,1.178671e-06,1.537254e+01,1.612960e-06
11,20,wDecay,30,9.777828e+02,8.182587e+02,5.821620e+01,2.419440e+03,1.176172e+03
12,10,ADSCAv2.1,30,2.211953e+02,6.728210e+01,1.662241e+02,4.291352e+02,1.944782e+02
12,10,PSO,30,1.816999e+02,2.435801e+01,1.665653e+02,2.685447e+02,1.713514e+02
12,10,SCA,30,2.495715e+02,7.121125e+01,1.729782e+02,4.323297e+02,2.313901e+02
12,10,v1.8,30,1.660691e+02,8.374136e-01,1.638187e+02,1.686001e+02,1.659517e+02
12,10,wDecay,30,1.840363e+02,2.467434e+01,1.665652e+02,2.685447e+02,1.746376e+02
12,20,ADSCAv2.1,30,4.588832e+02,1.189684e+02,3.012483e+02,7.454029e+02,4.272984e+02
12,20,PSO,30,3.027283e+02,3.768125e+01,2.548494e+02,4.281001e+02,2.966550e+02
12,20,SCA,30,5.286652e+02,1.683119e+02,3.151409e+02,1.019210e+03,4.870828e+02
12,20,v1.8,30,2.483816e+02,1.210266e+01,2.382850e+02,2.793050e+02,2.438692e+02
12,20,wDecay,30,3.085226e+02,4.587232e+01,2.499418e+02,4.459189e+02,2.924977e+02
