func_id,dim,algo,f_global,mean_error
1,10,ADSCAv2.1,3.0000000000e+02,1.854825e-01
1,10,PSO,3.0000000000e+02,6.832212e+01
1,10,SCA,3.0000000000e+02,3.464016e+03
1,10,v1.8,3.0000000000e+02,4.107884e-12
1,10,wDecay,3.0000000000e+02,1.477466e+02
1,20,ADSCAv2.1,3.0000000000e+02,1.174764e-13
1,20,PSO,3.0000000000e+02,1.227980e+03
1,20,SCA,3.0000000000e+02,1.568111e+04
1,20,v1.8,3.0000000000e+02,3.382752e-11
1,20,wDecay,3.0000000000e+02,2.373107e+03
2,10,ADSCAv2.1,4.0000000000e+02,2.300854e+01
2,10,PSO,4.0000000000e+02,3.261901e+01
2,10,SCA,4.0000000000e+02,2.444348e+02
2,10,v1.8,4.0000000000e+02,5.386888e+00
2,10,wDecay,4.0000000000e+02,4.935188e+01
2,20,ADSCAv2.1,4.0000000000e+02,5.544329e+01
2,20,PSO,4.0000000000e+02,1.318651e+02
2,20,SCA,4.0000000000e+02,7.218169e+02
2,20,v1.8,4.0000000000e+02,3.485157e+01
2,20,wDecay,4.0000000000e+02,2.077847e+02
3,10,ADSCAv2.1,6.0000000000e+02,5.305386e-14
3,10,PSO,6.0000000000e+02,1.700202e-02
3,10,SCA,6.0000000000e+02,3.450472e-02
3,10,v1.8,6.0000000000e+02,0.000000e+00
3,10,wDecay,6.0000000000e+02,2.288012e-02
3,20,ADSCAv2.1,6.0000000000e+02,1.629511e-13
3,20,PSO,6.0000000000e+02,1.832439e-01
3,20,SCA,6.0000000000e+02,4.240630e-01
3,20,v1.8,6.0000000000e+02,0.000000e+00
3,20,wDecay,6.0000000000e+02,2.964461e-01
4,10,ADSCAv2.1,8.0000000000e+02,6.068333e+01
4,10,PSO,8.0000000000e+02,4.106667e+01
4,10,SCA,8.0000000000e+02,4.919085e+01
4,10,v1.8,8.0000000000e+02,2.057278e+01
4,10,wDecay,8.0000000000e+02,2.660000e+01
4,20,ADSCAv2.1,8.0000000000e+02,2.238833e+02
4,20,PSO,8.0000000000e+02,1.690000e+02
4,20,SCA,8.0000000000e+02,2.148071e+02
4,20,v1.8,8.0000000000e+02,8.143333e+01
4,20,wDecay,8.0000000000e+02,1.332000e+02
5,10,ADSCAv2.1,9.0000000000e+02,4.704480e-01
5,10,PSO,9.0000000000e+02,5.011074e-01
5,10,SCA,9.0000000000e+02,1.523800e+00
5,10,v1.8,9.0000000000e+02,2.111268e-02
5,10,wDecay,9.0000000000e+02,8.362043e-02
5,20,ADSCAv2.1,9.0000000000e+02,2.553398e+00
5,20,PSO,9.0000000000e+02,3.550898e+00
5,20,SCA,9.0000000000e+02,4.997879e+00
5,20,v1.8,9.0000000000e+02,4.745992e-01
5,20,wDecay,9.0000000000e+02,3.368604e+00
6,10,ADSCAv2.1,1.8000000000e+03,9.086038e+03
6,10,PSO,1.8000000000e+03,2.114752e+04
6,10,SCA,1.8000000000e+03,8.401449e+05
6,10,v1.8,1.8000000000e+03,9.564853e+03
6,10,wDecay,1.8000000000e+03,4.251300e+04
6,20,ADSCAv2.1,1.8000000000e+03,4.059180e+04
6,20,PSO,1.8000000000e+03,1.786741e+06
6,20,SCA,1.8000000000e+03,4.458358e+08
6,20,v1.8,1.8000000000e+03,7.098730e+04
6,20,wDecay,1.8000000000e+03,1.110280e+07
7,10,ADSCAv2.1,2.0000000000e+03,3.701921e+01
7,10,PSO,2.0000000000e+03,3.832930e+01
7,10,SCA,2.0000000000e+03,1.053168e+02
7,10,v1.8,2.0000000000e+03,2.047729e+01
7,10,wDecay,2.0000000000e+03,4.006026e+01
7,20,ADSCAv2.1,2.0000000000e+03,3.444828e+02
7,20,PSO,2.0000000000e+03,1.130479e+02
7,20,SCA,2.0000000000e+03,8.756624e+02
7,20,v1.8,2.0000000000e+03,2.905797e+01
7,20,wDecay,2.0000000000e+03,1.041159e+02
8,10,ADSCAv2.1,2.2000000000e+03,2.393414e+02
8,10,PSO,2.2000000000e+03,2.671551e+02
8,10,SCA,2.2000000000e+03,7.508612e+02
8,10,v1.8,2.2000000000e+03,1.739363e+01
8,10,wDecay,2.2000000000e+03,3.157727e+02
8,20,ADSCAv2.1,2.2000000000e+03,5.510668e+02
8,20,PSO,2.2000000000e+03,1.201718e+03
8,20,SCA,2.2000000000e+03,2.149463e+07
8,20,v1.8,2.2000000000e+03,3.403984e+01
8,20,wDecay,2.2000000000e+03,1.650985e+03
9,10,ADSCAv2.1,2.3000000000e+03,2.889729e+02
9,10,PSO,2.3000000000e+03,3.896214e+02
9,10,SCA,2.3000000000e+03,5.110466e+02
9,10,v1.8,2.3000000000e+03,3.351547e+02
9,10,wDecay,2.3000000000e+03,4.149660e+02
9,20,ADSCAv2.1,2.3000000000e+03,3.418146e+02
9,20,PSO,2.3000000000e+03,5.313572e+02
9,20,SCA,2.3000000000e+03,1.768404e+03
9,20,v1.8,2.3000000000e+03,3.356397e+02
9,20,wDecay,2.3000000000e+03,6.323869e+02
10,10,ADSCAv2.1,2.4000000000e+03,3.109818e+02
10,10,PSO,2.4000000000e+03,2.812895e+02
10,10,SCA,2.4000000000e+03,3.430362e+02
10,10,v1.8,2.4000000000e+03,2.318914e+02
10,10,wDecay,2.4000000000e+03,2.978819e+02
10,20,ADSCAv2.1,2.4000000000e+03,2.088003e+03
10,20,PSO,2.4000000000e+03,1.856660e+03
10,20,SCA,2.4000000000e+03,3.400908e+03
10,20,v1.8,2.4000000000e+03,6.856595e+02
10,20,wDecay,2.4000000000e+03,1.595853e+03
11,10,ADSCAv2.1,2.6000000000e+03,3.371153e+01
11,10,PSO,2.6000000000e+03,1.128553e+02
11,10,SCA,2.6000000000e+03,1.672958e+02
11,10,v1.8,2.6000000000e+03,3.871634e+00
11,10,wDecay,2.6000000000e+03,1.229408e+02
11,20,ADSCAv2.1,2.6000000000e+03,6.304547e-01
11,20,PSO,2.6000000000e+03,8.469205e+02
11,20,SCA,2.6000000000e+03,1.294890e+03
11,20,v1.8,2.6000000000e+03,3.069255e+00
11,20,wDecay,2.6000000000e+03,9.777828e+02
12,10,ADSCAv2.1,2.7000000000e+03,2.211953e+02
12,10,PSO,2.7000000000e+03,1.816999e+02
12,10,SCA,2.7000000000e+03,2.495715e+02
12,10,v1.8,2.7000000000e+03,1.660691e+02
12,10,wDecay,2.7000000000e+03,1.840363e+02
12,20,ADSCAv2.1,2.7000000000e+03,4.588832e+02
12,20,PSO,2.7000000000e+03,3.027283e+02
12,20,SCA,2.7000000000e+03,5.286652e+02
12,20,v1.8,2.7000000000e+03,2.483816e+02
12,20,wDecay,2.7000000000e+03,3.085226e+02
